minute,count
0,2
1,4
2,1
3,1
4,2
5,1
6,2
7,3
8,1
9,2
10,1
11,1
12,2
13,0
14,3
15,1
16,2
17,1
18,2
19,5
20,2
21,3
22,4
23,2
24,2
25,4
26,3
27,1
28,1
29,2
30,0
31,5
32,1
33,3
34,4
35,3
36,2
37,4
38,1
39,1
40,1
41,2
42,0
43,4
44,0
45,5
46,1
47,2
48,1
49,4
50,4
51,3
52,3
53,3
54,1
55,1
56,2
57,2
58,2
59,3
60,3
61,1
62,1
63,3
64,3
65,2
66,2
67,5
68,2
69,1
70,1
71,1
72,4
73,5
74,0
75,3
76,2
77,4
78,5
79,1
80,0
81,3
82,3
83,1
84,1
85,2
86,0
87,1
88,1
89,1
90,5
91,4
92,0
93,1
94,1
95,1
96,2
97,5
98,0
99,1
100,1
101,0
102,0
103,4
104,1
105,0
106,0
107,5
108,1
109,4
110,1
111,0
112,2
113,3
114,2
115,4
116,3
117,1
118,4
119,5
120,4
121,1
122,0
123,1
124,5
125,1
126,0
127,3
128,1
129,3
130,1
131,2
132,0
133,0
134,2
135,3
136,1
137,2
138,0
139,2
140,1
141,0
142,2
143,4
144,4
145,1
146,2
147,1
148,1
149,0
150,0
151,1
152,1
153,2
154,1
155,4
156,3
157,0
158,2
159,1
160,2
161,3
162,4
163,1
164,2
165,3
166,2
167,2
168,5
169,3
170,0
171,3
172,3
173,0
174,1
175,3
176,3
177,3
178,3
179,2
180,3
181,0
182,5
183,3
184,2
185,1
186,2
187,4
188,8
189,4
190,0
191,1
192,0
193,2
194,2
195,0
196,3
197,0
198,3
199,3
200,2
201,2
202,2
203,1
204,1
205,1
206,2
207,3
208,0
209,3
210,4
211,3
212,1
213,1
214,2
215,0
216,1
217,1
218,0
219,2
220,1
221,1
222,1
223,2
224,0
225,1
226,3
227,2
228,4
229,1
230,5
231,3
232,3
233,5
234,4
235,4
236,1
237,0
238,2
239,2
240,3
241,1
242,4
243,4
244,1
245,1
246,1
247,1
248,1
249,2
250,0
251,4
252,4
253,2
254,1
255,3
256,2
257,4
258,2
259,2
260,5
261,4
262,0
263,3
264,4
265,1
266,1
267,6
268,5
269,3
270,0
271,4
272,2
273,4
274,2
275,3
276,0
277,3
278,1
279,1
280,3
281,0
282,1
283,1
284,1
285,1
286,1
287,2
288,3
289,0
290,2
291,3
292,0
293,1
294,5
295,6
296,1
297,4
298,1
299,3
300,0
301,2
302,2
303,0
304,1
305,2
306,1
307,1
308,1
309,1
310,3
311,1
312,2
313,1
314,2
315,0
316,3
317,3
318,1
319,2
320,1
321,0
322,2
323,1
324,0
325,1
326,1
327,4
328,2
329,3
330,2
331,0
332,2
333,0
334,3
335,2
336,0
337,3
338,2
339,3
340,0
341,4
342,2
343,3
344,1
345,1
346,1
347,1
348,2
349,1
350,1
351,2
352,1
353,1
354,3
355,1
356,1
357,0
358,2
359,1
360,2
361,0
362,3
363,2
364,1
365,1
366,2
367,2
368,2
369,1
370,2
371,3
372,3
373,2
374,4
375,1
376,1
377,3
378,0
379,0
380,1
381,2
382,0
383,1
384,1
385,5
386,4
387,3
388,1
389,2
390,6
391,3
392,0
393,2
394,2
395,1
396,2
397,3
398,5
399,2
400,2
401,1
402,3
403,1
404,5
405,1
406,2
407,1
408,2
409,1
410,3
411,1
412,0
413,3
414,0
415,1
416,1
417,5
418,1
419,2
420,1
421,2
422,1
423,4
424,2
425,3
426,0
427,2
428,2
429,2
430,0
431,2
432,1
433,4
434,1
435,1
436,3
437,2
438,0
439,2
440,1
441,4
442,3
443,1
444,4
445,3
446,2
447,0
448,5
449,0
450,1
451,1
452,0
453,1
454,2
455,0
456,3
457,5
458,1
459,2
460,47
461,31
462,29
463,32
464,26
465,46
466,28
467,41
468,39
469,38
470,48
471,40
472,49
473,43
474,38
475,49
476,36
477,52
478,34
479,33
480,44
481,34
482,38
483,45
484,43
485,35
486,41
487,39
488,45
489,35
490,43
491,47
492,36
493,38
494,41
495,52
496,42
497,40
498,37
499,43
500,41
501,48
502,35
503,41
504,47
505,42
506,32
507,35
508,35
509,46
510,40
511,35
512,52
513,50
514,45
515,45
516,42
517,29
518,45
519,45
520,43
521,34
522,43
523,44
524,37
525,37
526,49
527,47
528,34
529,47
530,38
531,34
532,45
533,39
534,38
535,25
536,33
537,43
538,35
539,45
540,43
541,43
542,33
543,41
544,36
545,48
546,28
547,44
548,34
549,42
550,31
551,51
552,41
553,40
554,47
555,35
556,36
557,44
558,42
559,44
560,31
561,40
562,37
563,41
564,42
565,49
566,31
567,45
568,45
569,42
570,47
571,38
572,40
573,42
574,35
575,35
576,35
577,53
578,32
579,39
580,37
581,53
582,43
583,41
584,31
585,41
586,22
587,29
588,36
589,39
590,30
591,44
592,35
593,19
594,39
595,36
596,37
597,49
598,50
599,42
600,42
601,36
602,29
603,36
604,42
605,44
606,41
607,41
608,35
609,35
610,35
611,31
612,51
613,40
614,41
615,35
616,32
617,34
618,51
619,38
620,23
621,37
622,34
623,43
624,32
625,29
626,37
627,41
628,39
629,37
630,36
631,40
632,34
633,51
634,35
635,39
636,44
637,47
638,35
639,33
640,44
641,46
642,29
643,39
644,34
645,33
646,48
647,31
648,37
649,50
650,40
651,36
652,43
653,48
654,49
655,35
656,45
657,34
658,44
659,38
660,42
661,33
662,40
663,29
664,44
665,46
666,32
667,42
668,45
669,34
670,43
671,47
672,45
673,39
674,39
675,39
676,44
677,41
678,45
679,45
680,42
681,48
682,36
683,41
684,39
685,34
686,28
687,41
688,38
689,32
690,32
691,39
692,43
693,43
694,40
695,46
696,34
697,27
698,50
699,32
700,46
701,42
702,43
703,43
704,38
705,44
706,40
707,47
708,39
709,39
710,47
711,42
712,42
713,45
714,55
715,36
716,44
717,47
718,42
719,35
720,32
721,31
722,47
723,37
724,27
725,39
726,41
727,47
728,46
729,32
730,46
731,48
732,44
733,41
734,44
735,31
736,49
737,34
738,42
739,42
740,54
741,39
742,45
743,43
744,43
745,39
746,38
747,31
748,42
749,35
750,47
751,46
752,41
753,29
754,35
755,36
756,42
757,46
758,28
759,38
760,38
761,42
762,39
763,33
764,39
765,48
766,40
767,45
768,33
769,40
770,42
771,48
772,38
773,34
774,44
775,36
776,33
777,29
778,41
779,47
780,40
781,43
782,25
783,41
784,33
785,35
786,37
787,47
788,37
789,50
790,48
791,35
792,45
793,50
794,41
795,40
796,37
797,34
798,32
799,47
800,35
801,48
802,39
803,38
804,39
805,38
806,51
807,52
808,36
809,45
810,36
811,45
812,39
813,43
814,39
815,46
816,32
817,38
818,45
819,41
820,43
821,48
822,45
823,38
824,39
825,46
826,45
827,44
828,39
829,46
830,47
831,36
832,39
833,45
834,42
835,42
836,33
837,36
838,34
839,31
840,46
841,41
842,35
843,45
844,33
845,32
846,46
847,39
848,48
849,47
850,42
851,39
852,44
853,34
854,42
855,30
856,36
857,41
858,31
859,42
860,36
861,37
862,39
863,39
864,41
865,41
866,45
867,48
868,38
869,26
870,44
871,28
872,42
873,34
874,51
875,36
876,29
877,42
878,40
879,33
880,42
881,42
882,32
883,41
884,44
885,41
886,37
887,33
888,53
889,37
890,39
891,40
892,29
893,45
894,39
895,52
896,43
897,46
898,38
899,52
900,42
901,39
902,35
903,42
904,43
905,33
906,35
907,50
908,36
909,53
910,44
911,43
912,43
913,38
914,30
915,44
916,33
917,42
918,46
919,32
920,35
921,42
922,32
923,35
924,31
925,37
926,38
927,33
928,46
929,37
930,36
931,43
932,35
933,48
934,39
935,38
936,39
937,38
938,42
939,41
940,41
941,46
942,41
943,52
944,30
945,45
946,44
947,50
948,29
949,38
950,52
951,41
952,39
953,41
954,32
955,40
956,33
957,51
958,51
959,39
960,43
961,48
962,44
963,27
964,38
965,40
966,39
967,38
968,44
969,38
970,46
971,48
972,47
973,35
974,27
975,39
976,56
977,38
978,38
979,31
980,41
981,30
982,45
983,42
984,32
985,44
986,43
987,34
988,42
989,38
990,36
991,30
992,40
993,34
994,54
995,53
996,41
997,32
998,49
999,36
1000,40
1001,38
1002,35
1003,50
1004,42
1005,33
1006,23
1007,57
1008,49
1009,51
1010,46
1011,47
1012,49
1013,39
1014,44
1015,40
1016,35
1017,32
1018,34
1019,33
1020,39
1021,46
1022,39
1023,53
1024,35
1025,37
1026,42
1027,42
1028,40
1029,49
1030,42
1031,39
1032,37
1033,45
1034,40
1035,40
1036,36
1037,26
1038,50
1039,26
1040,39
1041,44
1042,37
1043,46
1044,26
1045,43
1046,37
1047,52
1048,33
1049,43
1050,36
1051,34
1052,38
1053,42
1054,37
1055,43
1056,37
1057,29
1058,38
1059,42
1060,43
1061,59
1062,49
1063,45
1064,38
1065,42
1066,40
1067,31
1068,35
1069,49
1070,51
1071,49
1072,34
1073,32
1074,35
1075,44
1076,34
1077,42
1078,29
1079,37
1080,42
1081,37
1082,36
1083,41
1084,35
1085,43
1086,40
1087,35
1088,39
1089,52
1090,36
1091,53
1092,32
1093,33
1094,34
1095,37
1096,36
1097,54
1098,41
1099,40
1100,34
1101,40
1102,35
1103,49
1104,43
1105,34
1106,43
1107,46
1108,41
1109,51
1110,32
1111,32
1112,42
1113,39
1114,43
1115,39
1116,46
1117,40
1118,45
1119,46
1120,32
1121,37
1122,38
1123,41
1124,46
1125,46
1126,37
1127,37
1128,41
1129,42
1130,31
1131,45
1132,33
1133,35
1134,42
1135,42
1136,36
1137,41
1138,43
1139,36
1140,43
1141,33
1142,38
1143,47
1144,51
1145,46
1146,48
1147,45
1148,29
1149,45
1150,49
1151,46
1152,35
1153,35
1154,43
1155,32
1156,32
1157,36
1158,46
1159,40
1160,44
1161,51
1162,36
1163,43
1164,33
1165,41
1166,36
1167,30
1168,35
1169,38
1170,46
1171,34
1172,33
1173,42
1174,41
1175,37
1176,42
1177,44
1178,43
1179,47
1180,33
1181,47
1182,43
1183,42
1184,42
1185,44
1186,44
1187,36
1188,35
1189,50
1190,40
1191,34
1192,47
1193,54
1194,26
1195,37
1196,31
1197,47
1198,32
1199,38
1200,50
1201,49
1202,33
1203,41
1204,34
1205,34
1206,47
1207,50
1208,43
1209,36
1210,37
1211,23
1212,37
1213,40
1214,42
1215,32
1216,41
1217,43
1218,47
1219,37
1220,33
1221,33
1222,41
1223,36
1224,40
1225,43
1226,45
1227,34
1228,35
1229,37
1230,54
1231,42
1232,50
1233,47
1234,36
1235,50
1236,34
1237,35
1238,37
1239,26
1240,51
1241,36
1242,33
1243,29
1244,32
1245,49
1246,37
1247,42
1248,37
1249,47
1250,45
1251,48
1252,51
1253,41
1254,47
1255,44
1256,41
1257,41
1258,35
1259,55
1260,44
1261,54
1262,43
1263,42
1264,41
1265,52
1266,42
1267,47
1268,45
1269,28
1270,45
1271,29
1272,42
1273,51
1274,38
1275,44
1276,38
1277,43
1278,43
1279,47
1280,40
1281,28
1282,34
1283,40
1284,35
1285,45
1286,51
1287,42
1288,40
1289,45
1290,44
1291,31
1292,36
1293,41
1294,31
1295,45
1296,31
1297,40
1298,38
1299,36
1300,40
1301,38
1302,39
1303,40
1304,42
1305,43
1306,41
1307,43
1308,34
1309,42
1310,34
1311,35
1312,39
1313,37
1314,39
1315,29
1316,39
1317,31
1318,43
1319,39
1320,36
1321,45
1322,24
1323,35
1324,46
1325,36
1326,32
1327,44
1328,46
1329,45
1330,46
1331,34
1332,49
1333,41
1334,39
1335,41
1336,48
1337,48
1338,44
1339,41
1340,36
1341,38
1342,44
1343,46
1344,38
1345,43
1346,31
1347,50
1348,47
1349,55
1350,35
1351,44
1352,48
1353,31
1354,37
1355,49
1356,43
1357,38
1358,43
1359,38
1360,33
1361,40
1362,35
1363,47
1364,41
1365,37
1366,34
1367,35
1368,36
1369,38
1370,40
1371,45
1372,32
1373,48
1374,38
1375,38
1376,25
1377,43
1378,57
1379,45
1380,45
1381,48
1382,35
1383,44
1384,40
1385,42
1386,40
1387,38
1388,46
1389,52
1390,33
1391,39
1392,43
1393,56
1394,32
1395,36
1396,36
1397,31
1398,38
1399,34
1400,50
1401,43
1402,46
1403,42
1404,43
1405,39
1406,38
1407,36
1408,37
1409,33
1410,31
1411,38
1412,45
1413,36
1414,40
1415,35
1416,42
1417,45
1418,40
1419,37
1420,0
1421,4
1422,1
1423,3
1424,1
1425,5
1426,1
1427,2
1428,2
1429,1
1430,5
1431,3
1432,4
1433,4
1434,5
1435,0
1436,1
1437,2
1438,3
1439,2
1440,1
1441,3
1442,2
1443,4
1444,0
1445,2
1446,1
1447,5
1448,3
1449,4
1450,2
1451,1
1452,0
1453,0
1454,0
1455,2
1456,1
1457,2
1458,3
1459,3
1460,1
1461,0
1462,3
1463,2
1464,1
1465,2
1466,4
1467,3
1468,5
1469,2
1470,2
1471,3
1472,2
1473,0
1474,6
1475,2
1476,5
1477,0
1478,2
1479,4
1480,2
1481,1
1482,5
1483,1
1484,1
1485,0
1486,2
1487,3
1488,1
1489,3
1490,2
1491,3
1492,1
1493,4
1494,3
1495,3
1496,2
1497,0
1498,5
1499,2
1500,1
1501,3
1502,1
1503,1
1504,2
1505,2
1506,1
1507,3
1508,0
1509,1
1510,2
1511,0
1512,2
1513,4
1514,3
1515,1
1516,2
1517,1
1518,0
1519,1
1520,1
1521,1
1522,2
1523,0
1524,3
1525,2
1526,1
1527,2
1528,1
1529,2
1530,2
1531,1
1532,2
1533,4
1534,0
1535,4
1536,0
1537,1
1538,0
1539,0
1540,0
1541,2
1542,3
1543,1
1544,1
1545,2
1546,3
1547,2
1548,3
1549,2
1550,2
1551,2
1552,5
1553,2
1554,1
1555,2
1556,5
1557,0
1558,0
1559,3
1560,2
1561,0
1562,2
1563,3
1564,3
1565,2
1566,1
1567,1
1568,0
1569,4
1570,1
1571,2
1572,1
1573,4
1574,1
1575,1
1576,5
1577,3
1578,3
1579,3
1580,2
1581,2
1582,1
1583,1
1584,1
1585,0
1586,1
1587,1
1588,2
1589,2
1590,1
1591,0
1592,3
1593,0
1594,2
1595,2
1596,2
1597,0
1598,1
1599,1
1600,3
1601,1
1602,2
1603,3
1604,1
1605,2
1606,1
1607,1
1608,1
1609,3
1610,3
1611,1
1612,4
1613,2
1614,2
1615,1
1616,2
1617,1
1618,0
1619,3
1620,2
1621,0
1622,3
1623,3
1624,1
1625,0
1626,1
1627,4
1628,0
1629,4
1630,2
1631,1
1632,3
1633,1
1634,0
1635,4
1636,2
1637,0
1638,1
1639,2
1640,2
1641,1
1642,0
1643,1
1644,3
1645,1
1646,0
1647,1
1648,1
1649,1
1650,2
1651,1
1652,1
1653,2
1654,1
1655,4
1656,3
1657,2
1658,1
1659,3
1660,1
1661,1
1662,4
1663,2
1664,2
1665,0
1666,3
1667,1
1668,2
1669,2
1670,2
1671,5
1672,3
1673,3
1674,2
1675,3
1676,0
1677,2
1678,3
1679,4
1680,3
1681,2
1682,1
1683,1
1684,2
1685,4
1686,1
1687,2
1688,3
1689,2
1690,2
1691,2
1692,1
1693,4
1694,1
1695,1
1696,4
1697,1
1698,2
1699,3
1700,1
1701,1
1702,2
1703,2
1704,0
1705,0
1706,1
1707,2
1708,3
1709,2
1710,3
1711,1
1712,2
1713,1
1714,5
1715,1
1716,3
1717,3
1718,1
1719,3
1720,1
1721,1
1722,1
1723,3
1724,3
1725,2
1726,3
1727,2
1728,1
1729,3
1730,0
1731,5
1732,2
1733,2
1734,0
1735,3
1736,2
1737,2
1738,3
1739,2
1740,2
1741,1
1742,2
1743,3
1744,5
1745,1
1746,5
1747,1
1748,2
1749,5
1750,2
1751,5
1752,0
1753,2
1754,1
1755,0
1756,3
1757,2
1758,2
1759,2
1760,3
1761,5
1762,3
1763,1
1764,3
1765,5
1766,2
1767,1
1768,1
1769,0
1770,1
1771,2
1772,0
1773,1
1774,1
1775,2
1776,5
1777,1
1778,1
1779,4
1780,2
1781,1
1782,1
1783,3
1784,2
1785,3
1786,4
1787,1
1788,2
1789,0
1790,2
1791,3
1792,3
1793,3
1794,5
1795,2
1796,2
1797,1
1798,1
1799,2
1800,1
1801,3
1802,2
1803,1
1804,2
1805,1
1806,1
1807,1
1808,1
1809,2
1810,0
1811,3
1812,3
1813,2
1814,0
1815,0
1816,0
1817,2
1818,0
1819,4
1820,3
1821,2
1822,1
1823,5
1824,3
1825,1
1826,0
1827,3
1828,2
1829,1
1830,3
1831,1
1832,0
1833,1
1834,2
1835,3
1836,3
1837,1
1838,3
1839,1
1840,4
1841,5
1842,2
1843,6
1844,0
1845,0
1846,3
1847,0
1848,3
1849,0
1850,2
1851,4
1852,2
1853,0
1854,1
1855,3
1856,2
1857,1
1858,4
1859,2
1860,2
1861,1
1862,2
1863,3
1864,0
1865,2
1866,1
1867,3
1868,3
1869,2
1870,3
1871,1
1872,3
1873,3
1874,2
1875,50
1876,30
1877,35
1878,38
1879,42
1880,45
1881,38
1882,47
1883,34
1884,44
1885,48
1886,48
1887,44
1888,52
1889,36
1890,41
1891,37
1892,48
1893,39
1894,48
1895,34
1896,34
1897,40
1898,41
1899,40
1900,51
1901,37
1902,41
1903,41
1904,36
1905,35
1906,35
1907,37
1908,30
1909,29
1910,39
1911,40
1912,30
1913,32
1914,40
1915,34
1916,40
1917,35
1918,22
1919,35
1920,37
1921,34
1922,41
1923,38
1924,45
1925,42
1926,46
1927,39
1928,34
1929,28
1930,36
1931,33
1932,26
1933,38
1934,38
1935,36
1936,43
1937,20
1938,59
1939,25
1940,52
1941,40
1942,42
1943,35
1944,38
1945,42
1946,44
1947,42
1948,40
1949,36
1950,52
1951,44
1952,42
1953,37
1954,41
1955,40
1956,42
1957,43
1958,39
1959,44
1960,57
1961,31
1962,38
1963,37
1964,38
1965,38
1966,46
1967,45
1968,34
1969,35
1970,47
1971,38
1972,38
1973,51
1974,48
1975,37
1976,48
1977,44
1978,37
1979,41
1980,42
1981,38
1982,45
1983,33
1984,44
1985,51
1986,42
1987,35
1988,46
1989,43
1990,33
1991,26
1992,49
1993,44
1994,49
1995,35
1996,46
1997,41
1998,40
1999,39
2000,41
2001,50
2002,44
2003,55
2004,43
2005,38
2006,39
2007,42
2008,33
2009,47
2010,38
2011,39
2012,42
2013,37
2014,32
2015,46
2016,48
2017,47
2018,35
2019,39
2020,42
2021,36
2022,33
2023,39
2024,33
2025,38
2026,47
2027,44
2028,42
2029,39
2030,35
2031,34
2032,38
2033,28
2034,38
2035,51
2036,35
2037,36
2038,32
2039,35
2040,36
2041,42
2042,37
2043,51
2044,41
2045,40
2046,51
2047,43
2048,51
2049,41
2050,46
2051,42
2052,38
2053,44
2054,36
2055,28
2056,47
2057,44
2058,51
2059,48
2060,37
2061,47
2062,29
2063,35
2064,42
2065,32
2066,29
2067,37
2068,34
2069,48
2070,33
2071,40
2072,46
2073,50
2074,49
2075,45
2076,41
2077,50
2078,46
2079,39
2080,39
2081,47
2082,41
2083,45
2084,33
2085,39
2086,43
2087,53
2088,48
2089,37
2090,42
2091,45
2092,42
2093,40
2094,38
2095,41
2096,36
2097,45
2098,39
2099,37
2100,34
2101,40
2102,40
2103,58
2104,27
2105,29
2106,44
2107,43
2108,30
2109,32
2110,35
2111,38
2112,41
2113,34
2114,41
2115,43
2116,48
2117,45
2118,40
2119,42
2120,44
2121,49
2122,44
2123,41
2124,44
2125,53
2126,48
2127,46
2128,41
2129,42
2130,33
2131,46
2132,42
2133,37
2134,44
2135,37
2136,36
2137,36
2138,46
2139,43
2140,38
2141,52
2142,30
2143,42
2144,44
2145,42
2146,39
2147,40
2148,39
2149,39
2150,39
2151,37
2152,44
2153,40
2154,40
2155,37
2156,31
2157,39
2158,51
2159,34
2160,43
2161,42
2162,32
2163,43
2164,45
2165,34
2166,40
2167,45
2168,54
2169,47
2170,48
2171,43
2172,39
2173,35
2174,44
2175,36
2176,44
2177,45
2178,41
2179,57
2180,35
2181,35
2182,44
2183,43
2184,48
2185,40
2186,43
2187,46
2188,39
2189,38
2190,41
2191,36
2192,43
2193,30
2194,41
2195,36
2196,33
2197,45
2198,36
2199,41
2200,44
2201,46
2202,41
2203,36
2204,37
2205,33
2206,32
2207,36
2208,55
2209,30
2210,43
2211,56
2212,43
2213,40
2214,40
2215,42
2216,35
2217,39
2218,39
2219,42
2220,48
2221,39
2222,60
2223,36
2224,44
2225,51
2226,34
2227,29
2228,41
2229,41
2230,37
2231,35
2232,43
2233,50
2234,40
2235,42
2236,49
2237,45
2238,41
2239,33
2240,34
2241,45
2242,40
2243,39
2244,42
2245,30
2246,41
2247,38
2248,45
2249,34
2250,41
2251,49
2252,51
2253,36
2254,40
2255,43
2256,51
2257,30
2258,24
2259,45
2260,42
2261,36
2262,38
2263,39
2264,42
2265,40
2266,49
2267,43
2268,44
2269,39
2270,42
2271,44
2272,38
2273,26
2274,30
2275,33
2276,42
2277,41
2278,45
2279,36
2280,32
2281,46
2282,35
2283,45
2284,49
2285,41
2286,24
2287,32
2288,51
2289,34
2290,35
2291,37
2292,29
2293,36
2294,29
2295,35
2296,45
2297,34
2298,19
2299,35
2300,45
2301,31
2302,42
2303,46
2304,47
2305,44
2306,39
2307,40
2308,49
2309,43
2310,32
2311,35
2312,46
2313,42
2314,43
2315,28
2316,41
2317,45
2318,40
2319,29
2320,37
2321,42
2322,37
2323,40
2324,27
2325,46
2326,46
2327,37
2328,37
2329,41
2330,45
2331,48
2332,39
2333,36
2334,48
2335,36
2336,38
2337,45
2338,35
2339,37
2340,31
2341,38
2342,43
2343,44
2344,34
2345,40
2346,34
2347,46
2348,41
2349,44
2350,36
2351,34
2352,43
2353,41
2354,38
2355,47
2356,41
2357,39
2358,39
2359,38
2360,35
2361,46
2362,47
2363,46
2364,43
2365,40
2366,38
2367,37
2368,47
2369,40
2370,47
2371,36
2372,48
2373,42
2374,29
2375,35
2376,34
2377,49
2378,41
2379,52
2380,48
2381,38
2382,45
2383,24
2384,52
2385,24
2386,48
2387,41
2388,33
2389,39
2390,31
2391,43
2392,37
2393,48
2394,42
2395,39
2396,37
2397,37
2398,43
2399,43
2400,48
2401,41
2402,39
2403,39
2404,48
2405,35
2406,50
2407,51
2408,38
2409,38
2410,43
2411,43
2412,34
2413,35
2414,32
2415,44
2416,46
2417,39
2418,52
2419,38
2420,39
2421,40
2422,38
2423,32
2424,35
2425,38
2426,42
2427,37
2428,47
2429,36
2430,40
2431,33
2432,35
2433,47
2434,33
2435,35
2436,37
2437,47
2438,37
2439,40
2440,35
2441,45
2442,44
2443,48
2444,40
2445,38
2446,45
2447,38
2448,45
2449,36
2450,47
2451,37
2452,34
2453,49
2454,34
2455,39
2456,31
2457,42
2458,48
2459,51
2460,39
2461,36
2462,34
2463,46
2464,51
2465,45
2466,43
2467,33
2468,36
2469,38
2470,35
2471,43
2472,36
2473,37
2474,43
2475,31
2476,30
2477,39
2478,36
2479,46
2480,45
2481,42
2482,42
2483,43
2484,39
2485,35
2486,45
2487,50
2488,42
2489,38
2490,43
2491,27
2492,47
2493,49
2494,40
2495,40
2496,43
2497,44
2498,40
2499,36
2500,39
2501,41
2502,36
2503,35
2504,30
2505,31
2506,50
2507,27
2508,35
2509,41
2510,43
2511,40
2512,31
2513,33
2514,46
2515,39
2516,37
2517,42
2518,40
2519,41
2520,46
2521,47
2522,31
2523,44
2524,37
2525,41
2526,35
2527,35
2528,44
2529,51
2530,39
2531,34
2532,47
2533,40
2534,35
2535,37
2536,52
2537,39
2538,51
2539,36
2540,30
2541,38
2542,43
2543,28
2544,40
2545,40
2546,46
2547,34
2548,42
2549,31
2550,36
2551,39
2552,43
2553,37
2554,30
2555,42
2556,37
2557,44
2558,45
2559,37
2560,46
2561,40
2562,36
2563,34
2564,31
2565,33
2566,34
2567,43
2568,46
2569,36
2570,40
2571,37
2572,31
2573,52
2574,45
2575,35
2576,44
2577,39
2578,48
2579,35
2580,39
2581,47
2582,41
2583,43
2584,25
2585,46
2586,36
2587,43
2588,37
2589,49
2590,41
2591,49
2592,37
2593,46
2594,39
2595,35
2596,55
2597,40
2598,31
2599,40
2600,38
2601,40
2602,42
2603,39
2604,37
2605,48
2606,40
2607,43
2608,43
2609,38
2610,40
2611,31
2612,39
2613,40
2614,34
2615,46
2616,35
2617,42
2618,51
2619,37
2620,35
2621,45
2622,35
2623,36
2624,40
2625,43
2626,41
2627,36
2628,48
2629,40
2630,38
2631,45
2632,29
2633,48
2634,46
2635,49
2636,54
2637,37
2638,35
2639,35
2640,50
2641,49
2642,35
2643,42
2644,34
2645,43
2646,44
2647,45
2648,41
2649,54
2650,37
2651,31
2652,39
2653,48
2654,33
2655,39
2656,32
2657,42
2658,41
2659,39
2660,54
2661,35
2662,45
2663,45
2664,38
2665,43
2666,39
2667,29
2668,48
2669,36
2670,42
2671,41
2672,41
2673,48
2674,54
2675,40
2676,44
2677,44
2678,44
2679,40
2680,34
2681,37
2682,36
2683,38
2684,43
2685,42
2686,39
2687,44
2688,35
2689,42
2690,36
2691,31
2692,49
2693,52
2694,42
2695,39
2696,48
2697,37
2698,35
2699,41
2700,24
2701,36
2702,40
2703,36
2704,35
2705,40
2706,39
2707,38
2708,42
2709,37
2710,48
2711,42
2712,36
2713,53
2714,34
2715,39
2716,33
2717,40
2718,35
2719,34
2720,30
2721,31
2722,48
2723,35
2724,38
2725,32
2726,43
2727,34
2728,34
2729,28
2730,28
2731,43
2732,32
2733,35
2734,47
2735,38
2736,44
2737,35
2738,48
2739,41
2740,36
2741,34
2742,43
2743,38
2744,42
2745,42
2746,25
2747,42
2748,40
2749,40
2750,41
2751,42
2752,29
2753,36
2754,51
2755,35
2756,38
2757,35
2758,47
2759,41
2760,30
2761,39
2762,35
2763,46
2764,37
2765,43
2766,43
2767,42
2768,39
2769,55
2770,53
2771,48
2772,50
2773,37
2774,39
2775,40
2776,47
2777,43
2778,44
2779,37
2780,43
2781,44
2782,43
2783,33
2784,40
2785,44
2786,42
2787,38
2788,37
2789,41
2790,35
2791,34
2792,37
2793,43
2794,47
2795,38
2796,46
2797,30
2798,41
2799,32
2800,35
2801,33
2802,52
2803,46
2804,24
2805,40
2806,34
2807,54
2808,35
2809,38
2810,43
2811,38
2812,41
2813,34
2814,40
2815,35
2816,53
2817,32
2818,43
2819,36
2820,34
2821,42
2822,43
2823,53
2824,47
2825,33
2826,42
2827,42
2828,33
2829,48
2830,40
2831,44
2832,45
2833,42
2834,53
2835,3
2836,3
2837,2
2838,1
2839,1
2840,3
2841,2
2842,1
2843,3
2844,2
2845,0
2846,2
2847,0
2848,4
2849,2
2850,2
2851,2
2852,1
2853,3
2854,2
2855,0
2856,3
2857,2
2858,2
2859,1
2860,2
2861,0
2862,3
2863,4
2864,6
2865,3
2866,2
2867,1
2868,3
2869,1
2870,3
2871,0
2872,3
2873,4
2874,3
2875,1
2876,4
2877,2
2878,1
2879,2
2880,2
2881,0
2882,1
2883,1
2884,3
2885,1
2886,4
2887,2
2888,1
2889,1
2890,1
2891,2
2892,2
2893,0
2894,2
2895,2
2896,3
2897,1
2898,0
2899,2
2900,1
2901,3
2902,3
2903,0
2904,2
2905,4
2906,2
2907,5
2908,2
2909,2
2910,2
2911,2
2912,4
2913,1
2914,4
2915,0
2916,0
2917,0
2918,1
2919,2
2920,5
2921,0
2922,0
2923,2
2924,4
2925,2
2926,3
2927,1
2928,2
2929,3
2930,3
2931,1
2932,3
2933,1
2934,3
2935,2
2936,1
2937,4
2938,3
2939,3
2940,2
2941,1
2942,3
2943,1
2944,5
2945,5
2946,0
2947,2
2948,1
2949,1
2950,2
2951,2
2952,1
2953,4
2954,2
2955,2
2956,3
2957,3
2958,4
2959,5
2960,2
2961,3
2962,3
2963,0
2964,2
2965,0
2966,1
2967,0
2968,2
2969,3
2970,0
2971,1
2972,0
2973,5
2974,1
2975,1
2976,1
2977,0
2978,1
2979,4
2980,5
2981,1
2982,1
2983,3
2984,0
2985,1
2986,2
2987,4
2988,3
2989,0
2990,1
2991,2
2992,1
2993,0
2994,5
2995,3
2996,1
2997,2
2998,3
2999,4
3000,3
3001,5
3002,2
3003,2
3004,2
3005,1
3006,1
3007,0
3008,1
3009,3
3010,2
3011,3
3012,3
3013,6
3014,4
3015,2
3016,4
3017,3
3018,1
3019,2
3020,2
3021,4
3022,3
3023,3
3024,1
3025,1
3026,1
3027,2
3028,1
3029,4
3030,3
3031,1
3032,5
3033,4
3034,2
3035,5
3036,1
3037,1
3038,3
3039,3
3040,0
3041,0
3042,3
3043,1
3044,1
3045,5
3046,3
3047,2
3048,1
3049,2
3050,6
3051,2
3052,2
3053,3
3054,1
3055,0
3056,1
3057,2
3058,2
3059,2
3060,4
3061,0
3062,2
3063,3
3064,0
3065,5
3066,3
3067,2
3068,0
3069,1
3070,3
3071,4
3072,0
3073,7
3074,2
3075,0
3076,2
3077,1
3078,2
3079,1
3080,1
3081,0
3082,5
3083,1
3084,0
3085,2
3086,4
3087,7
3088,3
3089,1
3090,1
3091,0
3092,2
3093,3
3094,2
3095,2
3096,1
3097,0
3098,3
3099,3
3100,3
3101,4
3102,0
3103,4
3104,5
3105,1
3106,1
3107,0
3108,3
3109,1
3110,3
3111,2
3112,0
3113,2
3114,1
3115,1
3116,2
3117,1
3118,3
3119,3
3120,3
3121,1
3122,4
3123,3
3124,2
3125,3
3126,2
3127,2
3128,4
3129,1
3130,1
3131,1
3132,1
3133,6
3134,1
3135,3
3136,5
3137,6
3138,0
3139,3
3140,2
3141,1
3142,1
3143,2
3144,2
3145,4
3146,2
3147,2
3148,1
3149,2
3150,0
3151,3
3152,1
3153,2
3154,2
3155,3
3156,2
3157,4
3158,1
3159,0
3160,0
3161,2
3162,4
3163,2
3164,2
3165,4
3166,1
3167,4
3168,3
3169,1
3170,4
3171,3
3172,3
3173,1
3174,4
3175,2
3176,0
3177,2
3178,1
3179,0
3180,0
3181,7
3182,1
3183,3
3184,0
3185,3
3186,1
3187,2
3188,3
3189,1
3190,3
3191,2
3192,1
3193,2
3194,1
3195,1
3196,2
3197,0
3198,1
3199,2
3200,1
3201,2
3202,0
3203,6
3204,4
3205,2
3206,1
3207,2
3208,6
3209,3
3210,2
3211,1
3212,1
3213,3
3214,0
3215,3
3216,4
3217,2
3218,1
3219,2
3220,2
3221,3
3222,3
3223,2
3224,1
3225,1
3226,2
3227,3
3228,2
3229,3
3230,2
3231,2
3232,1
3233,3
3234,0
3235,3
3236,1
3237,3
3238,2
3239,1
3240,2
3241,4
3242,2
3243,4
3244,3
3245,2
3246,1
3247,1
3248,2
3249,1
3250,4
3251,3
3252,1
3253,5
3254,1
3255,1
3256,1
3257,1
3258,0
3259,1
3260,0
3261,3
3262,3
3263,1
3264,3
3265,3
3266,2
3267,3
3268,4
3269,0
3270,1
3271,4
3272,4
3273,0
3274,4
3275,0
3276,3
3277,2
3278,5
3279,3
3280,5
3281,3
3282,2
3283,3
3284,0
3285,1
3286,3
3287,2
3288,2
3289,2
3290,1
3291,1
3292,2
3293,1
3294,1
3295,4
3296,3
3297,3
3298,0
3299,2
3300,34
3301,43
3302,46
3303,46
3304,38
3305,33
3306,40
3307,38
3308,43
3309,43
3310,51
3311,36
3312,33
3313,45
3314,46
3315,41
3316,44
3317,41
3318,47
3319,35
3320,48
3321,45
3322,43
3323,40
3324,41
3325,41
3326,32
3327,44
3328,46
3329,40
3330,49
3331,28
3332,23
3333,47
3334,44
3335,37
3336,30
3337,40
3338,43
3339,38
3340,41
3341,45
3342,33
3343,35
3344,35
3345,50
3346,52
3347,38
3348,31
3349,42
3350,46
3351,24
3352,44
3353,35
3354,38
3355,45
3356,27
3357,36
3358,38
3359,46
3360,40
3361,37
3362,41
3363,49
3364,36
3365,42
3366,42
3367,32
3368,40
3369,32
3370,31
3371,40
3372,29
3373,33
3374,39
3375,34
3376,39
3377,42
3378,45
3379,32
3380,31
3381,26
3382,41
3383,39
3384,39
3385,35
3386,27
3387,39
3388,37
3389,40
3390,47
3391,35
3392,30
3393,43
3394,34
3395,41
3396,42
3397,41
3398,34
3399,41
3400,38
3401,31
3402,45
3403,31
3404,42
3405,46
3406,35
3407,36
3408,40
3409,43
3410,35
3411,31
3412,42
3413,40
3414,41
3415,29
3416,31
3417,45
3418,43
3419,58
3420,42
3421,40
3422,33
3423,42
3424,37
3425,34
3426,47
3427,39
3428,34
3429,48
3430,46
3431,38
3432,33
3433,38
3434,35
3435,43
3436,46
3437,44
3438,40
3439,48
3440,38
3441,38
3442,31
3443,37
3444,34
3445,37
3446,50
3447,46
3448,28
3449,42
3450,39
3451,38
3452,39
3453,35
3454,52
3455,44
3456,38
3457,37
3458,36
3459,41
3460,38
3461,50
3462,41
3463,47
3464,44
3465,46
3466,28
3467,41
3468,30
3469,37
3470,44
3471,34
3472,42
3473,36
3474,41
3475,39
3476,49
3477,31
3478,47
3479,47
3480,28
3481,46
3482,43
3483,34
3484,41
3485,46
3486,45
3487,37
3488,49
3489,42
3490,40
3491,33
3492,36
3493,37
3494,64
3495,27
3496,27
3497,45
3498,39
3499,46
3500,26
3501,40
3502,45
3503,47
3504,34
3505,42
3506,41
3507,36
3508,42
3509,39
3510,35
3511,54
3512,41
3513,47
3514,28
3515,42
3516,29
3517,37
3518,43
3519,44
3520,36
3521,40
3522,30
3523,43
3524,31
3525,37
3526,35
3527,38
3528,29
3529,36
3530,39
3531,38
3532,46
3533,41
3534,42
3535,41
3536,38
3537,45
3538,40
3539,28
3540,28
3541,37
3542,47
3543,44
3544,43
3545,40
3546,41
3547,38
3548,44
3549,36
3550,37
3551,36
3552,39
3553,37
3554,38
3555,40
3556,41
3557,48
3558,31
3559,38
3560,35
3561,39
3562,41
3563,46
3564,33
3565,35
3566,40
3567,36
3568,40
3569,40
3570,44
3571,33
3572,33
3573,40
3574,43
3575,42
3576,41
3577,36
3578,39
3579,33
3580,41
3581,35
3582,42
3583,38
3584,33
3585,38
3586,37
3587,34
3588,26
3589,30
3590,41
3591,46
3592,33
3593,39
3594,46
3595,37
3596,40
3597,43
3598,39
3599,56
3600,43
3601,41
3602,47
3603,53
3604,31
3605,45
3606,37
3607,40
3608,39
3609,48
3610,36
3611,47
3612,52
3613,42
3614,46
3615,33
3616,49
3617,38
3618,42
3619,39
3620,22
3621,40
3622,40
3623,39
3624,39
3625,32
3626,43
3627,35
3628,42
3629,48
3630,21
3631,38
3632,39
3633,38
3634,47
3635,31
3636,44
3637,42
3638,50
3639,29
3640,35
3641,44
3642,27
3643,35
3644,42
3645,40
3646,45
3647,38
3648,44
3649,40
3650,44
3651,38
3652,47
3653,39
3654,49
3655,45
3656,34
3657,34
3658,49
3659,42
3660,26
3661,35
3662,38
3663,30
3664,33
3665,43
3666,34
3667,40
3668,42
3669,45
3670,38
3671,39
3672,37
3673,42
3674,40
3675,43
3676,44
3677,42
3678,39
3679,39
3680,46
3681,41
3682,40
3683,36
3684,44
3685,35
3686,52
3687,37
3688,45
3689,54
3690,61
3691,46
3692,42
3693,44
3694,38
3695,36
3696,47
3697,35
3698,31
3699,39
3700,47
3701,40
3702,43
3703,36
3704,35
3705,38
3706,47
3707,47
3708,43
3709,35
3710,37
3711,40
3712,42
3713,34
3714,44
3715,41
3716,34
3717,43
3718,47
3719,35
3720,40
3721,45
3722,35
3723,25
3724,43
3725,39
3726,34
3727,45
3728,31
3729,43
3730,42
3731,30
3732,41
3733,58
3734,30
3735,41
3736,46
3737,45
3738,36
3739,35
3740,48
3741,43
3742,41
3743,37
3744,44
3745,41
3746,40
3747,35
3748,34
3749,51
3750,44
3751,36
3752,44
3753,40
3754,26
3755,48
3756,35
3757,39
3758,45
3759,46
3760,39
3761,40
3762,31
3763,34
3764,49
3765,49
3766,42
3767,34
3768,33
3769,42
3770,39
3771,51
3772,46
3773,49
3774,32
3775,38
3776,38
3777,43
3778,44
3779,39
3780,42
3781,41
3782,37
3783,33
3784,39
3785,33
3786,30
3787,35
3788,48
3789,42
3790,29
3791,43
3792,28
3793,46
3794,31
3795,41
3796,43
3797,35
3798,30
3799,37
3800,41
3801,38
3802,42
3803,40
3804,35
3805,41
3806,46
3807,24
3808,45
3809,29
3810,35
3811,35
3812,46
3813,39
3814,41
3815,37
3816,33
3817,48
3818,52
3819,40
3820,39
3821,49
3822,40
3823,45
3824,37
3825,45
3826,37
3827,37
3828,34
3829,44
3830,49
3831,40
3832,41
3833,34
3834,42
3835,48
3836,46
3837,37
3838,27
3839,44
3840,46
3841,34
3842,44
3843,40
3844,36
3845,46
3846,43
3847,39
3848,36
3849,29
3850,42
3851,44
3852,44
3853,45
3854,42
3855,43
3856,40
3857,39
3858,32
3859,46
3860,40
3861,36
3862,35
3863,44
3864,45
3865,40
3866,24
3867,56
3868,44
3869,45
3870,37
3871,37
3872,38
3873,45
3874,32
3875,41
3876,44
3877,37
3878,44
3879,31
3880,47
3881,50
3882,42
3883,42
3884,35
3885,48
3886,40
3887,32
3888,38
3889,40
3890,36
3891,38
3892,37
3893,47
3894,41
3895,42
3896,31
3897,50
3898,43
3899,38
3900,34
3901,52
3902,45
3903,34
3904,36
3905,41
3906,40
3907,44
3908,39
3909,45
3910,32
3911,42
3912,44
3913,31
3914,41
3915,39
3916,50
3917,39
3918,40
3919,27
3920,48
3921,38
3922,44
3923,49
3924,37
3925,38
3926,36
3927,43
3928,47
3929,32
3930,52
3931,42
3932,42
3933,34
3934,33
3935,54
3936,59
3937,31
3938,51
3939,44
3940,34
3941,36
3942,48
3943,50
3944,35
3945,41
3946,38
3947,46
3948,44
3949,40
3950,48
3951,24
3952,43
3953,30
3954,47
3955,35
3956,37
3957,53
3958,40
3959,40
3960,41
3961,29
3962,34
3963,43
3964,46
3965,45
3966,44
3967,33
3968,37
3969,41
3970,31
3971,50
3972,39
3973,45
3974,42
3975,41
3976,29
3977,51
3978,46
3979,37
3980,35
3981,42
3982,38
3983,27
3984,34
3985,41
3986,53
3987,48
3988,40
3989,40
3990,33
3991,42
3992,44
3993,41
3994,42
3995,43
3996,34
3997,48
3998,49
3999,44
4000,45
4001,47
4002,37
4003,46
4004,36
4005,48
4006,48
4007,37
4008,44
4009,41
4010,27
4011,39
4012,24
4013,42
4014,35
4015,32
4016,38
4017,38
4018,31
4019,44
4020,41
4021,39
4022,39
4023,36
4024,38
4025,38
4026,51
4027,40
4028,36
4029,36
4030,48
4031,43
4032,37
4033,39
4034,36
4035,49
4036,49
4037,33
4038,44
4039,47
4040,43
4041,43
4042,35
4043,38
4044,36
4045,38
4046,43
4047,40
4048,41
4049,45
4050,42
4051,38
4052,38
4053,42
4054,31
4055,45
4056,34
4057,43
4058,29
4059,40
4060,46
4061,38
4062,51
4063,35
4064,53
4065,42
4066,29
4067,38
4068,38
4069,46
4070,38
4071,41
4072,43
4073,41
4074,49
4075,34
4076,37
4077,51
4078,34
4079,57
4080,37
4081,34
4082,42
4083,32
4084,33
4085,35
4086,33
4087,44
4088,41
4089,43
4090,39
4091,39
4092,43
4093,40
4094,39
4095,35
4096,44
4097,43
4098,54
4099,52
4100,26
4101,38
4102,39
4103,37
4104,44
4105,44
4106,44
4107,45
4108,32
4109,38
4110,42
4111,39
4112,36
4113,36
4114,50
4115,41
4116,24
4117,45
4118,43
4119,40
4120,36
4121,42
4122,21
4123,31
4124,33
4125,39
4126,39
4127,25
4128,54
4129,41
4130,45
4131,33
4132,36
4133,54
4134,38
4135,37
4136,56
4137,49
4138,47
4139,37
4140,42
4141,36
4142,50
4143,45
4144,44
4145,34
4146,19
4147,37
4148,37
4149,31
4150,51
4151,43
4152,41
4153,49
4154,48
4155,48
4156,42
4157,38
4158,41
4159,50
4160,34
4161,32
4162,33
4163,43
4164,38
4165,39
4166,50
4167,32
4168,49
4169,35
4170,43
4171,39
4172,41
4173,34
4174,39
4175,41
4176,29
4177,42
4178,48
4179,36
4180,28
4181,32
4182,41
4183,31
4184,29
4185,33
4186,38
4187,43
4188,34
4189,41
4190,37
4191,49
4192,29
4193,36
4194,34
4195,43
4196,49
4197,43
4198,43
4199,41
4200,39
4201,50
4202,49
4203,33
4204,44
4205,33
4206,47
4207,32
4208,50
4209,46
4210,47
4211,32
4212,38
4213,43
4214,46
4215,48
4216,43
4217,40
4218,35
4219,39
4220,48
4221,37
4222,34
4223,29
4224,53
4225,38
4226,41
4227,48
4228,36
4229,31
4230,43
4231,45
4232,39
4233,40
4234,41
4235,39
4236,37
4237,27
4238,40
4239,48
4240,36
4241,45
4242,43
4243,36
4244,43
4245,36
4246,41
4247,52
4248,46
4249,40
4250,34
4251,32
4252,43
4253,42
4254,35
4255,37
4256,37
4257,30
4258,34
4259,54
4260,2
4261,2
4262,1
4263,0
4264,1
4265,0
4266,1
4267,0
4268,3
4269,4
4270,1
4271,2
4272,5
4273,1
4274,1
4275,2
4276,2
4277,1
4278,3
4279,4
4280,3
4281,4
4282,3
4283,1
4284,5
4285,5
4286,1
4287,0
4288,4
4289,4
4290,2
4291,4
4292,1
4293,0
4294,3
4295,2
4296,0
4297,6
4298,2
4299,3
4300,1
4301,3
4302,4
4303,4
4304,1
4305,3
4306,2
4307,1
4308,2
4309,2
4310,4
4311,3
4312,4
4313,2
4314,2
4315,2
4316,2
4317,1
4318,1
4319,1
4320,1
4321,3
4322,2
4323,2
4324,3
4325,3
4326,1
4327,5
4328,2
4329,3
4330,0
4331,3
4332,2
4333,2
4334,1
4335,1
4336,2
4337,0
4338,3
4339,1
4340,2
4341,4
4342,1
4343,2
4344,4
4345,1
4346,1
4347,1
4348,4
4349,2
4350,2
4351,4
4352,4
4353,4
4354,1
4355,2
4356,3
4357,3
4358,3
4359,3
4360,2
4361,2
4362,1
4363,3
4364,3
4365,2
4366,0
4367,6
4368,4
4369,3
4370,4
4371,4
4372,0
4373,4
4374,4
4375,1
4376,4
4377,1
4378,1
4379,0
4380,0
4381,3
4382,6
4383,1
4384,4
4385,2
4386,1
4387,1
4388,3
4389,4
4390,2
4391,7
4392,3
4393,1
4394,1
4395,1
4396,3
4397,0
4398,2
4399,0
4400,0
4401,2
4402,1
4403,1
4404,2
4405,2
4406,3
4407,2
4408,1
4409,1
4410,6
4411,3
4412,2
4413,2
4414,1
4415,2
4416,3
4417,0
4418,1
4419,1
4420,2
4421,5
4422,6
4423,3
4424,1
4425,1
4426,1
4427,3
4428,1
4429,3
4430,4
4431,4
4432,1
4433,2
4434,2
4435,2
4436,1
4437,0
4438,0
4439,2
4440,3
4441,2
4442,1
4443,4
4444,4
4445,3
4446,1
4447,1
4448,1
4449,4
4450,1
4451,3
4452,1
4453,1
4454,1
4455,1
4456,3
4457,2
4458,1
4459,1
4460,4
4461,1
4462,2
4463,1
4464,1
4465,5
4466,1
4467,0
4468,1
4469,5
4470,2
4471,1
4472,4
4473,2
4474,1
4475,0
4476,4
4477,3
4478,1
4479,7
4480,2
4481,2
4482,1
4483,3
4484,4
4485,1
4486,4
4487,2
4488,1
4489,2
4490,2
4491,1
4492,3
4493,1
4494,0
4495,5
4496,3
4497,4
4498,1
4499,1
4500,2
4501,2
4502,1
4503,1
4504,1
4505,1
4506,4
4507,0
4508,2
4509,1
4510,2
4511,2
4512,1
4513,3
4514,4
4515,1
4516,2
4517,2
4518,1
4519,1
4520,3
4521,3
4522,4
4523,2
4524,2
4525,3
4526,0
4527,3
4528,0
4529,3
4530,3
4531,4
4532,2
4533,1
4534,5
4535,3
4536,2
4537,0
4538,2
4539,3
4540,1
4541,1
4542,2
4543,0
4544,4
4545,0
4546,4
4547,4
4548,1
4549,3
4550,2
4551,3
4552,3
4553,0
4554,1
4555,2
4556,2
4557,1
4558,0
4559,1
4560,3
4561,0
4562,0
4563,3
4564,6
4565,3
4566,4
4567,3
4568,2
4569,2
4570,1
4571,3
4572,2
4573,1
4574,2
4575,0
4576,0
4577,3
4578,2
4579,4
4580,1
4581,2
4582,6
4583,1
4584,2
4585,2
4586,3
4587,1
4588,5
4589,1
4590,1
4591,4
4592,1
4593,3
4594,2
4595,1
4596,2
4597,1
4598,4
4599,0
4600,2
4601,4
4602,3
4603,3
4604,2
4605,0
4606,3
4607,1
4608,3
4609,0
4610,2
4611,3
4612,2
4613,5
4614,0
4615,2
4616,1
4617,1
4618,3
4619,1
4620,1
4621,4
4622,2
4623,2
4624,1
4625,2
4626,2
4627,0
4628,2
4629,2
4630,2
4631,2
4632,2
4633,3
4634,0
4635,2
4636,4
4637,5
4638,3
4639,3
4640,0
4641,3
4642,1
4643,4
4644,2
4645,2
4646,2
4647,3
4648,0
4649,1
4650,3
4651,0
4652,2
4653,1
4654,0
4655,1
4656,2
4657,0
4658,4
4659,2
4660,3
4661,4
4662,1
4663,3
4664,4
4665,1
4666,2
4667,0
4668,4
4669,2
4670,0
4671,4
4672,4
4673,4
4674,2
4675,0
4676,0
4677,5
4678,2
4679,1
4680,1
4681,3
4682,2
4683,0
4684,2
4685,4
4686,1
4687,4
4688,2
4689,1
4690,4
4691,5
4692,5
4693,2
4694,6
4695,6
4696,1
4697,2
4698,1
4699,5
4700,0
4701,2
4702,3
4703,2
4704,3
4705,0
4706,3
4707,4
4708,3
4709,3
4710,4
4711,1
4712,0
4713,0
4714,3
4715,1
4716,1
4717,1
4718,0
4719,3
4720,0
4721,3
4722,1
4723,3
4724,0
4725,1
4726,1
4727,4
4728,1
4729,1
4730,1
4731,1
4732,1
4733,0
4734,2
4735,2
4736,0
4737,0
4738,1
4739,2
4740,0
4741,0
4742,3
4743,1
4744,0
4745,2
4746,0
4747,1
4748,6
4749,3
4750,1
4751,3
4752,1
4753,3
4754,3
4755,1
4756,1
4757,1
4758,3
4759,0
4760,2
4761,44
4762,38
4763,40
4764,49
4765,34
4766,53
4767,41
4768,43
4769,31
4770,45
4771,38
4772,35
4773,39
4774,38
4775,50
4776,40
4777,35
4778,56
4779,43
4780,41
4781,46
4782,33
4783,30
4784,34
4785,38
4786,34
4787,53
4788,35
4789,33
4790,39
4791,43
4792,27
4793,41
4794,41
4795,41
4796,39
4797,40
4798,41
4799,39
4800,38
4801,48
4802,33
4803,37
4804,44
4805,35
4806,38
4807,36
4808,33
4809,44
4810,37
4811,39
4812,40
4813,44
4814,41
4815,45
4816,43
4817,45
4818,39
4819,37
4820,30
4821,37
4822,41
4823,31
4824,41
4825,47
4826,49
4827,46
4828,43
4829,41
4830,46
4831,38
4832,47
4833,43
4834,30
4835,46
4836,45
4837,38
4838,35
4839,44
4840,46
4841,38
4842,26
4843,32
4844,44
4845,39
4846,46
4847,47
4848,38
4849,38
4850,36
4851,36
4852,44
4853,40
4854,36
4855,30
4856,46
4857,33
4858,37
4859,47
4860,39
4861,29
4862,41
4863,41
4864,37
4865,37
4866,34
4867,33
4868,46
4869,34
4870,41
4871,45
4872,38
4873,38
4874,44
4875,44
4876,38
4877,46
4878,47
4879,38
4880,33
4881,38
4882,45
4883,30
4884,49
4885,44
4886,46
4887,36
4888,34
4889,41
4890,31
4891,47
4892,43
4893,46
4894,40
4895,45
4896,43
4897,43
4898,37
4899,34
4900,48
4901,42
4902,40
4903,32
4904,32
4905,38
4906,32
4907,51
4908,45
4909,37
4910,46
4911,46
4912,46
4913,48
4914,34
4915,40
4916,39
4917,37
4918,36
4919,28
4920,49
4921,36
4922,49
4923,55
4924,31
4925,41
4926,41
4927,44
4928,47
4929,39
4930,37
4931,48
4932,51
4933,47
4934,42
4935,36
4936,45
4937,38
4938,44
4939,44
4940,49
4941,50
4942,44
4943,53
4944,42
4945,43
4946,35
4947,33
4948,40
4949,41
4950,38
4951,40
4952,31
4953,41
4954,44
4955,41
4956,36
4957,52
4958,38
4959,40
4960,49
4961,36
4962,42
4963,46
4964,43
4965,40
4966,42
4967,57
4968,37
4969,41
4970,40
4971,42
4972,42
4973,42
4974,47
4975,33
4976,42
4977,35
4978,54
4979,32
4980,41
4981,36
4982,39
4983,39
4984,46
4985,50
4986,42
4987,46
4988,37
4989,38
4990,35
4991,35
4992,41
4993,38
4994,38
4995,39
4996,40
4997,48
4998,32
4999,42
5000,55
5001,46
5002,39
5003,48
5004,42
5005,43
5006,35
5007,51
5008,35
5009,44
5010,50
5011,42
5012,47
5013,36
5014,32
5015,33
5016,40
5017,36
5018,39
5019,38
5020,48
5021,33
5022,39
5023,44
5024,46
5025,37
5026,52
5027,44
5028,55
5029,38
5030,40
5031,30
5032,39
5033,49
5034,45
5035,37
5036,48
5037,39
5038,21
5039,29
5040,38
5041,34
5042,41
5043,35
5044,45
5045,45
5046,40
5047,35
5048,46
5049,33
5050,41
5051,41
5052,49
5053,38
5054,36
5055,48
5056,39
5057,42
5058,41
5059,46
5060,44
5061,32
5062,40
5063,46
5064,40
5065,43
5066,48
5067,47
5068,55
5069,43
5070,44
5071,47
5072,36
5073,50
5074,42
5075,28
5076,44
5077,37
5078,40
5079,43
5080,46
5081,41
5082,40
5083,37
5084,46
5085,31
5086,36
5087,34
5088,38
5089,48
5090,31
5091,38
5092,38
5093,37
5094,34
5095,39
5096,46
5097,45
5098,45
5099,38
5100,44
5101,50
5102,29
5103,36
5104,44
5105,43
5106,39
5107,43
5108,40
5109,41
5110,34
5111,38
5112,39
5113,34
5114,50
5115,41
5116,40
5117,39
5118,41
5119,32
5120,42
5121,46
5122,45
5123,40
5124,50
5125,31
5126,43
5127,43
5128,35
5129,36
5130,38
5131,48
5132,44
5133,37
5134,36
5135,46
5136,41
5137,45
5138,39
5139,36
5140,33
5141,27
5142,30
5143,39
5144,57
5145,49
5146,37
5147,35
5148,36
5149,40
5150,39
5151,44
5152,33
5153,49
5154,53
5155,36
5156,46
5157,41
5158,42
5159,42
5160,42
5161,34
5162,47
5163,42
5164,39
5165,41
5166,32
5167,22
5168,36
5169,46
5170,37
5171,48
5172,45
5173,38
5174,49
5175,46
5176,39
5177,51
5178,39
5179,44
5180,35
5181,41
5182,49
5183,51
5184,37
5185,46
5186,44
5187,41
5188,41
5189,41
5190,39
5191,39
5192,39
5193,36
5194,30
5195,40
5196,40
5197,38
5198,44
5199,35
5200,36
5201,36
5202,35
5203,48
5204,39
5205,39
5206,27
5207,54
5208,25
5209,51
5210,36
5211,43
5212,32
5213,35
5214,42
5215,41
5216,37
5217,36
5218,45
5219,51
5220,39
5221,40
5222,46
5223,39
5224,34
5225,48
5226,43
5227,50
5228,26
5229,47
5230,28
5231,55
5232,40
5233,35
5234,40
5235,34
5236,43
5237,49
5238,31
5239,42
5240,40
5241,45
5242,47
5243,38
5244,28
5245,45
5246,40
5247,45
5248,31
5249,38
5250,41
5251,42
5252,50
5253,43
5254,35
5255,34
5256,42
5257,36
5258,38
5259,52
5260,37
5261,39
5262,33
5263,37
5264,33
5265,41
5266,43
5267,37
5268,47
5269,40
5270,31
5271,49
5272,47
5273,25
5274,44
5275,34
5276,40
5277,46
5278,46
5279,28
5280,34
5281,41
5282,47
5283,50
5284,33
5285,34
5286,46
5287,35
5288,35
5289,42
5290,41
5291,47
5292,27
5293,51
5294,46
5295,42
5296,39
5297,48
5298,37
5299,49
5300,42
5301,39
5302,34
5303,37
5304,43
5305,29
5306,45
5307,45
5308,41
5309,45
5310,41
5311,31
5312,41
5313,34
5314,36
5315,29
5316,49
5317,32
5318,35
5319,43
5320,46
5321,33
5322,49
5323,45
5324,44
5325,48
5326,41
5327,47
5328,38
5329,39
5330,36
5331,43
5332,38
5333,48
5334,37
5335,30
5336,58
5337,37
5338,38
5339,33
5340,27
5341,39
5342,37
5343,39
5344,39
5345,38
5346,51
5347,50
5348,48
5349,35
5350,38
5351,26
5352,41
5353,48
5354,46
5355,32
5356,36
5357,37
5358,40
5359,41
5360,34
5361,45
5362,36
5363,30
5364,45
5365,49
5366,44
5367,34
5368,38
5369,44
5370,36
5371,35
5372,37
5373,36
5374,37
5375,31
5376,45
5377,44
5378,41
5379,48
5380,34
5381,39
5382,36
5383,28
5384,38
5385,43
5386,33
5387,37
5388,49
5389,32
5390,41
5391,31
5392,42
5393,39
5394,48
5395,44
5396,40
5397,40
5398,39
5399,41
5400,39
5401,39
5402,39
5403,49
5404,42
5405,50
5406,48
5407,46
5408,46
5409,44
5410,37
5411,44
5412,46
5413,37
5414,40
5415,32
5416,49
5417,36
5418,45
5419,33
5420,45
5421,41
5422,43
5423,34
5424,28
5425,41
5426,45
5427,34
5428,46
5429,46
5430,32
5431,41
5432,33
5433,35
5434,37
5435,32
5436,42
5437,53
5438,44
5439,35
5440,28
5441,37
5442,43
5443,36
5444,48
5445,31
5446,45
5447,43
5448,36
5449,42
5450,43
5451,29
5452,45
5453,34
5454,37
5455,42
5456,47
5457,32
5458,46
5459,45
5460,43
5461,42
5462,42
5463,32
5464,33
5465,30
5466,30
5467,43
5468,42
5469,41
5470,39
5471,30
5472,39
5473,36
5474,49
5475,42
5476,43
5477,34
5478,40
5479,53
5480,47
5481,44
5482,41
5483,40
5484,48
5485,45
5486,42
5487,45
5488,38
5489,52
5490,43
5491,42
5492,48
5493,50
5494,37
5495,32
5496,49
5497,33
5498,43
5499,39
5500,38
5501,47
5502,29
5503,40
5504,49
5505,40
5506,39
5507,42
5508,33
5509,35
5510,33
5511,47
5512,41
5513,44
5514,44
5515,49
5516,42
5517,44
5518,41
5519,41
5520,29
5521,43
5522,42
5523,37
5524,42
5525,43
5526,32
5527,38
5528,45
5529,52
5530,37
5531,35
5532,27
5533,38
5534,43
5535,53
5536,39
5537,31
5538,43
5539,36
5540,32
5541,45
5542,35
5543,39
5544,30
5545,35
5546,34
5547,40
5548,39
5549,48
5550,36
5551,34
5552,48
5553,39
5554,37
5555,33
5556,44
5557,49
5558,49
5559,32
5560,41
5561,45
5562,38
5563,41
5564,35
5565,43
5566,35
5567,40
5568,52
5569,35
5570,36
5571,32
5572,28
5573,34
5574,38
5575,26
5576,41
5577,32
5578,32
5579,29
5580,33
5581,47
5582,46
5583,44
5584,44
5585,42
5586,41
5587,51
5588,40
5589,34
5590,44
5591,44
5592,34
5593,38
5594,37
5595,39
5596,53
5597,44
5598,30
5599,34
5600,41
5601,44
5602,48
5603,46
5604,35
5605,42
5606,51
5607,44
5608,33
5609,40
5610,41
5611,43
5612,46
5613,35
5614,37
5615,43
5616,41
5617,43
5618,39
5619,39
5620,35
5621,35
5622,32
5623,36
5624,44
5625,37
5626,36
5627,46
5628,44
5629,53
5630,30
5631,44
5632,37
5633,39
5634,50
5635,36
5636,41
5637,49
5638,32
5639,41
5640,39
5641,40
5642,38
5643,40
5644,36
5645,42
5646,38
5647,33
5648,37
5649,37
5650,47
5651,41
5652,34
5653,40
5654,37
5655,40
5656,38
5657,38
5658,44
5659,31
5660,31
5661,36
5662,31
5663,40
5664,50
5665,39
5666,45
5667,51
5668,39
5669,38
5670,46
5671,53
5672,38
5673,44
5674,45
5675,44
5676,47
5677,41
5678,35
5679,41
5680,29
5681,45
5682,29
5683,45
5684,34
5685,31
5686,36
5687,47
5688,41
5689,46
5690,25
5691,40
5692,46
5693,42
5694,36
5695,38
5696,35
5697,33
5698,31
5699,39
5700,42
5701,40
5702,37
5703,45
5704,42
5705,40
5706,42
5707,40
5708,50
5709,43
5710,41
5711,32
5712,44
5713,31
5714,35
5715,37
5716,43
5717,48
5718,44
5719,50
5720,43
5721,2
5722,0
5723,5
5724,4
5725,2
5726,2
5727,3
5728,3
5729,1
5730,8
5731,0
5732,2
5733,1
5734,1
5735,2
5736,1
5737,1
5738,1
5739,2
5740,2
5741,4
5742,3
5743,2
5744,3
5745,2
5746,2
5747,2
5748,1
5749,2
5750,2
5751,3
5752,3
5753,1
5754,0
5755,2
5756,4
5757,3
5758,4
5759,4
5760,4
5761,2
5762,1
5763,4
5764,4
5765,1
5766,1
5767,2
5768,1
5769,1
5770,2
5771,1
5772,1
5773,2
5774,2
5775,2
5776,0
5777,3
5778,0
5779,3
5780,8
5781,3
5782,3
5783,0
5784,2
5785,0
5786,2
5787,0
5788,2
5789,0
5790,2
5791,1
5792,1
5793,4
5794,2
5795,1
5796,1
5797,2
5798,3
5799,2
5800,0
5801,3
5802,2
5803,3
5804,3
5805,2
5806,1
5807,3
5808,2
5809,0
5810,1
5811,3
5812,1
5813,1
5814,4
5815,0
5816,0
5817,1
5818,4
5819,3
5820,6
5821,2
5822,2
5823,3
5824,2
5825,1
5826,4
5827,2
5828,0
5829,0
5830,0
5831,2
5832,3
5833,5
5834,5
5835,3
5836,0
5837,5
5838,2
5839,3
5840,5
5841,3
5842,3
5843,0
5844,1
5845,2
5846,3
5847,4
5848,1
5849,3
5850,0
5851,3
5852,2
5853,2
5854,1
5855,1
5856,0
5857,4
5858,4
5859,3
5860,2
5861,0
5862,2
5863,4
5864,1
5865,0
5866,5
5867,5
5868,2
5869,1
5870,5
5871,2
5872,3
5873,3
5874,2
5875,2
5876,2
5877,1
5878,1
5879,2
5880,1
5881,4
5882,1
5883,2
5884,2
5885,3
5886,4
5887,1
5888,1
5889,0
5890,3
5891,2
5892,1
5893,0
5894,1
5895,3
5896,0
5897,5
5898,1
5899,3
5900,2
5901,2
5902,3
5903,3
5904,3
5905,1
5906,1
5907,2
5908,3
5909,3
5910,3
5911,2
5912,2
5913,2
5914,2
5915,1
5916,0
5917,1
5918,2
5919,1
5920,3
5921,7
5922,3
5923,2
5924,2
5925,3
5926,3
5927,2
5928,1
5929,1
5930,2
5931,1
5932,0
5933,2
5934,2
5935,0
5936,1
5937,2
5938,3
5939,1
5940,2
5941,2
5942,2
5943,2
5944,1
5945,0
5946,2
5947,4
5948,0
5949,2
5950,4
5951,1
5952,3
5953,2
5954,0
5955,2
5956,2
5957,5
5958,2
5959,1
5960,3
5961,5
5962,1
5963,1
5964,0
5965,3
5966,1
5967,1
5968,3
5969,0
5970,2
5971,3
5972,5
5973,0
5974,4
5975,3
5976,2
5977,2
5978,0
5979,1
5980,3
5981,3
5982,3
5983,3
5984,2
5985,2
5986,4
5987,8
5988,0
5989,1
5990,6
5991,2
5992,2
5993,3
5994,2
5995,2
5996,1
5997,2
5998,2
5999,1
6000,0
6001,2
6002,1
6003,2
6004,3
6005,1
6006,2
6007,4
6008,3
6009,1
6010,2
6011,4
6012,4
6013,3
6014,1
6015,0
6016,2
6017,2
6018,3
6019,4
6020,1
6021,1
6022,2
6023,5
6024,2
6025,4
6026,1
6027,4
6028,3
6029,3
6030,3
6031,0
6032,3
6033,1
6034,2
6035,1
6036,2
6037,5
6038,1
6039,2
6040,5
6041,0
6042,3
6043,1
6044,2
6045,2
6046,2
6047,4
6048,1
6049,1
6050,1
6051,0
6052,1
6053,2
6054,2
6055,0
6056,2
6057,1
6058,2
6059,1
6060,2
6061,2
6062,3
6063,3
6064,3
6065,1
6066,4
6067,2
6068,5
6069,1
6070,4
6071,1
6072,2
6073,2
6074,2
6075,2
6076,4
6077,2
6078,0
6079,3
6080,5
6081,3
6082,1
6083,4
6084,0
6085,3
6086,1
6087,2
6088,0
6089,4
6090,3
6091,1
6092,1
6093,2
6094,1
6095,1
6096,3
6097,2
6098,1
6099,2
6100,3
6101,1
6102,2
6103,0
6104,7
6105,2
6106,1
6107,4
6108,2
6109,3
6110,1
6111,2
6112,1
6113,1
6114,4
6115,0
6116,2
6117,1
6118,1
6119,0
6120,1
6121,1
6122,2
6123,1
6124,3
6125,0
6126,3
6127,1
6128,1
6129,1
6130,1
6131,3
6132,1
6133,3
6134,0
6135,1
6136,2
6137,3
6138,3
6139,3
6140,2
6141,1
6142,6
6143,1
6144,1
6145,2
6146,0
6147,5
6148,1
6149,4
6150,4
6151,4
6152,3
6153,5
6154,3
6155,1
6156,1
6157,1
6158,2
6159,4
6160,2
6161,0
6162,4
6163,2
6164,3
6165,1
6166,5
6167,3
6168,2
6169,5
6170,4
6171,3
6172,2
6173,1
6174,1
6175,2
6176,42
6177,40
6178,42
6179,40
6180,45
6181,33
6182,38
6183,37
6184,45
6185,39
6186,29
6187,42
6188,42
6189,39
6190,44
6191,48
6192,39
6193,51
6194,46
6195,37
6196,32
6197,42
6198,37
6199,38
6200,45
6201,44
6202,38
6203,33
6204,47
6205,53
6206,63
6207,33
6208,28
6209,47
6210,44
6211,49
6212,46
6213,35
6214,33
6215,43
6216,46
6217,45
6218,41
6219,46
6220,44
6221,38
6222,34
6223,46
6224,47
6225,51
6226,51
6227,43
6228,31
6229,44
6230,35
6231,40
6232,29
6233,56
6234,33
6235,42
6236,47
6237,39
6238,39
6239,35
6240,41
6241,35
6242,35
6243,49
6244,40
6245,35
6246,38
6247,30
6248,41
6249,52
6250,40
6251,35
6252,39
6253,39
6254,40
6255,53
6256,55
6257,40
6258,32
6259,32
6260,40
6261,44
6262,40
6263,32
6264,33
6265,37
6266,34
6267,44
6268,31
6269,40
6270,41
6271,40
6272,45
6273,41
6274,45
6275,41
6276,42
6277,45
6278,40
6279,45
6280,38
6281,39
6282,33
6283,50
6284,36
6285,33
6286,34
6287,38
6288,52
6289,52
6290,39
6291,39
6292,40
6293,32
6294,51
6295,36
6296,39
6297,40
6298,34
6299,44
6300,40
6301,40
6302,23
6303,48
6304,35
6305,52
6306,44
6307,47
6308,45
6309,37
6310,40
6311,31
6312,26
6313,49
6314,55
6315,35
6316,46
6317,51
6318,39
6319,34
6320,41
6321,33
6322,37
6323,43
6324,44
6325,49
6326,27
6327,34
6328,39
6329,31
6330,43
6331,46
6332,43
6333,44
6334,37
6335,43
6336,33
6337,37
6338,40
6339,44
6340,48
6341,34
6342,40
6343,49
6344,38
6345,37
6346,33
6347,32
6348,39
6349,43
6350,39
6351,47
6352,32
6353,30
6354,34
6355,42
6356,39
6357,39
6358,38
6359,35
6360,35
6361,43
6362,41
6363,49
6364,38
6365,51
6366,40
6367,47
6368,48
6369,41
6370,36
6371,44
6372,43
6373,39
6374,48
6375,41
6376,36
6377,42
6378,30
6379,32
6380,37
6381,49
6382,41
6383,43
6384,43
6385,38
6386,36
6387,37
6388,47
6389,31
6390,47
6391,37
6392,35
6393,37
6394,41
6395,39
6396,42
6397,38
6398,34
6399,31
6400,50
6401,31
6402,40
6403,45
6404,32
6405,36
6406,37
6407,50
6408,37
6409,20
6410,38
6411,47
6412,43
6413,42
6414,44
6415,36
6416,42
6417,46
6418,43
6419,47
6420,38
6421,35
6422,41
6423,32
6424,44
6425,40
6426,37
6427,36
6428,29
6429,40
6430,36
6431,40
6432,39
6433,39
6434,46
6435,52
6436,34
6437,37
6438,46
6439,36
6440,47
6441,39
6442,35
6443,33
6444,41
6445,43
6446,44
6447,37
6448,45
6449,41
6450,31
6451,43
6452,45
6453,44
6454,53
6455,38
6456,18
6457,35
6458,43
6459,41
6460,36
6461,54
6462,35
6463,39
6464,35
6465,31
6466,38
6467,44
6468,36
6469,41
6470,36
6471,50
6472,38
6473,29
6474,44
6475,37
6476,47
6477,38
6478,40
6479,40
6480,37
6481,35
6482,46
6483,50
6484,30
6485,37
6486,31
6487,41
6488,45
6489,44
6490,37
6491,41
6492,36
6493,44
6494,37
6495,48
6496,26
6497,37
6498,37
6499,38
6500,40
6501,36
6502,24
6503,47
6504,49
6505,36
6506,37
6507,39
6508,50
6509,43
6510,43
6511,41
6512,47
6513,42
6514,43
6515,39
6516,47
6517,45
6518,43
6519,51
6520,36
6521,47
6522,45
6523,45
6524,50
6525,36
6526,47
6527,38
6528,48
6529,41
6530,34
6531,27
6532,35
6533,48
6534,42
6535,42
6536,43
6537,42
6538,37
6539,43
6540,37
6541,39
6542,51
6543,42
6544,43
6545,49
6546,37
6547,40
6548,34
6549,43
6550,42
6551,45
6552,31
6553,27
6554,39
6555,37
6556,37
6557,40
6558,35
6559,42
6560,49
6561,40
6562,39
6563,30
6564,32
6565,60
6566,39
6567,45
6568,35
6569,43
6570,37
6571,40
6572,37
6573,33
6574,50
6575,37
6576,52
6577,43
6578,41
6579,33
6580,46
6581,39
6582,38
6583,38
6584,45
6585,51
6586,41
6587,39
6588,41
6589,41
6590,42
6591,42
6592,38
6593,44
6594,35
6595,41
6596,51
6597,48
6598,46
6599,37
6600,35
6601,44
6602,34
6603,43
6604,39
6605,41
6606,42
6607,45
6608,43
6609,37
6610,44
6611,33
6612,46
6613,31
6614,44
6615,45
6616,44
6617,46
6618,44
6619,46
6620,40
6621,29
6622,38
6623,44
6624,35
6625,46
6626,39
6627,41
6628,40
6629,36
6630,39
6631,40
6632,37
6633,36
6634,31
6635,39
6636,45
6637,41
6638,37
6639,38
6640,46
6641,36
6642,45
6643,42
6644,32
6645,46
6646,40
6647,35
6648,47
6649,43
6650,42
6651,44
6652,45
6653,42
6654,31
6655,40
6656,50
6657,30
6658,36
6659,48
6660,47
6661,43
6662,49
6663,38
6664,37
6665,41
6666,37
6667,36
6668,41
6669,38
6670,37
6671,43
6672,36
6673,43
6674,37
6675,42
6676,36
6677,35
6678,38
6679,42
6680,44
6681,30
6682,40
6683,37
6684,24
6685,44
6686,46
6687,49
6688,27
6689,51
6690,42
6691,38
6692,41
6693,41
6694,37
6695,52
6696,39
6697,37
6698,36
6699,36
6700,47
6701,40
6702,38
6703,35
6704,41
6705,38
6706,43
6707,41
6708,31
6709,52
6710,36
6711,47
6712,45
6713,41
6714,29
6715,22
6716,52
6717,35
6718,40
6719,35
6720,37
6721,30
6722,26
6723,41
6724,41
6725,39
6726,42
6727,36
6728,28
6729,25
6730,31
6731,44
6732,40
6733,37
6734,45
6735,49
6736,39
6737,36
6738,40
6739,30
6740,36
6741,38
6742,42
6743,32
6744,48
6745,53
6746,26
6747,47
6748,32
6749,40
6750,45
6751,53
6752,40
6753,42
6754,34
6755,33
6756,38
6757,42
6758,36
6759,37
6760,41
6761,49
6762,43
6763,34
6764,35
6765,40
6766,36
6767,38
6768,43
6769,29
6770,43
6771,42
6772,38
6773,41
6774,43
6775,42
6776,31
6777,36
6778,41
6779,52
6780,38
6781,47
6782,39
6783,33
6784,37
6785,38
6786,31
6787,34
6788,35
6789,40
6790,46
6791,38
6792,38
6793,39
6794,49
6795,40
6796,38
6797,42
6798,38
6799,39
6800,43
6801,33
6802,41
6803,36
6804,34
6805,49
6806,44
6807,33
6808,35
6809,46
6810,36
6811,48
6812,41
6813,37
6814,47
6815,35
6816,35
6817,48
6818,48
6819,37
6820,39
6821,43
6822,42
6823,39
6824,50
6825,46
6826,35
6827,48
6828,45
6829,36
6830,29
6831,46
6832,38
6833,35
6834,38
6835,47
6836,29
6837,35
6838,39
6839,31
6840,43
6841,32
6842,35
6843,37
6844,32
6845,46
6846,44
6847,44
6848,46
6849,43
6850,42
6851,36
6852,32
6853,42
6854,38
6855,42
6856,40
6857,35
6858,36
6859,42
6860,27
6861,35
6862,46
6863,35
6864,46
6865,41
6866,47
6867,35
6868,33
6869,37
6870,48
6871,51
6872,35
6873,49
6874,27
6875,37
6876,42
6877,31
6878,38
6879,42
6880,48
6881,36
6882,34
6883,30
6884,44
6885,37
6886,40
6887,31
6888,35
6889,47
6890,31
6891,48
6892,38
6893,44
6894,34
6895,41
6896,39
6897,42
6898,44
6899,51
6900,38
6901,51
6902,46
6903,52
6904,39
6905,37
6906,45
6907,46
6908,34
6909,30
6910,41
6911,28
6912,38
6913,38
6914,42
6915,35
6916,47
6917,38
6918,48
6919,31
6920,49
6921,35
6922,43
6923,22
6924,43
6925,48
6926,49
6927,35
6928,44
6929,32
6930,45
6931,43
6932,40
6933,40
6934,39
6935,41
6936,36
6937,41
6938,42
6939,55
6940,43
6941,44
6942,36
6943,35
6944,35
6945,33
6946,50
6947,45
6948,37
6949,51
6950,47
6951,40
6952,34
6953,33
6954,34
6955,47
6956,45
6957,45
6958,40
6959,53
6960,43
6961,43
6962,42
6963,32
6964,38
6965,42
6966,51
6967,45
6968,38
6969,32
6970,38
6971,42
6972,43
6973,32
6974,46
6975,28
6976,41
6977,31
6978,34
6979,44
6980,32
6981,42
6982,43
6983,40
6984,41
6985,51
6986,48
6987,35
6988,30
6989,39
6990,33
6991,42
6992,35
6993,44
6994,46
6995,31
6996,39
6997,46
6998,41
6999,40
7000,40
7001,40
7002,61
7003,52
7004,35
7005,34
7006,41
7007,44
7008,43
7009,49
7010,34
7011,39
7012,41
7013,49
7014,54
7015,30
7016,44
7017,33
7018,47
7019,44
7020,36
7021,48
7022,41
7023,48
7024,36
7025,29
7026,40
7027,48
7028,45
7029,41
7030,43
7031,43
7032,34
7033,34
7034,46
7035,32
7036,39
7037,40
7038,33
7039,43
7040,54
7041,31
7042,42
7043,35
7044,45
7045,38
7046,46
7047,45
7048,49
7049,47
7050,49
7051,35
7052,26
7053,37
7054,56
7055,51
7056,39
7057,32
7058,55
7059,44
7060,42
7061,42
7062,47
7063,40
7064,31
7065,43
7066,46
7067,44
7068,34
7069,41
7070,41
7071,32
7072,30
7073,36
7074,36
7075,43
7076,44
7077,37
7078,29
7079,41
7080,43
7081,35
7082,33
7083,43
7084,43
7085,28
7086,43
7087,36
7088,34
7089,32
7090,37
7091,38
7092,45
7093,35
7094,43
7095,36
7096,38
7097,35
7098,44
7099,39
7100,48
7101,44
7102,50
7103,38
7104,33
7105,45
7106,39
7107,39
7108,40
7109,48
7110,37
7111,49
7112,42
7113,46
7114,41
7115,32
7116,28
7117,44
7118,36
7119,41
7120,39
7121,44
7122,37
7123,44
7124,41
7125,38
7126,40
7127,35
7128,50
7129,49
7130,31
7131,48
7132,46
7133,49
7134,41
7135,41
7136,3
7137,1
7138,3
7139,2
7140,1
7141,1
7142,1
7143,3
7144,3
7145,2
7146,1
7147,4
7148,1
7149,1
7150,0
7151,3
7152,0
7153,2
7154,3
7155,0
7156,0
7157,1
7158,0
7159,1
7160,1
7161,6
7162,0
7163,5
7164,4
7165,4
7166,2
7167,0
7168,3
7169,3
7170,4
7171,2
7172,3
7173,4
7174,2
7175,2
7176,2
7177,5
7178,0
7179,4
7180,1
7181,1
7182,5
7183,2
7184,3
7185,1
7186,1
7187,2
7188,3
7189,4
7190,4
7191,3
7192,1
7193,3
7194,2
7195,0
7196,1
7197,3
7198,2
7199,1
7200,2
7201,2
7202,0
7203,1
7204,2
7205,1
7206,1
7207,4
7208,1
7209,2
7210,0
7211,3
7212,0
7213,2
7214,1
7215,1
7216,2
7217,0
7218,1
7219,4
7220,1
7221,0
7222,2
7223,0
7224,1
7225,3
7226,2
7227,1
7228,3
7229,2
7230,3
7231,2
7232,0
7233,1
7234,2
7235,2
7236,4
7237,3
7238,5
7239,5
7240,3
7241,1
7242,2
7243,2
7244,1
7245,2
7246,2
7247,2
7248,6
7249,3
7250,1
7251,4
7252,0
7253,1
7254,1
7255,3
7256,0
7257,0
7258,2
7259,2
7260,2
7261,0
7262,5
7263,4
7264,1
7265,3
7266,2
7267,0
7268,3
7269,3
7270,1
7271,0
7272,3
7273,2
7274,1
7275,3
7276,0
7277,3
7278,2
7279,1
7280,2
7281,2
7282,2
7283,1
7284,5
7285,0
7286,0
7287,1
7288,2
7289,3
7290,1
7291,2
7292,0
7293,0
7294,2
7295,0
7296,0
7297,0
7298,1
7299,4
7300,2
7301,1
7302,2
7303,3
7304,3
7305,2
7306,3
7307,1
7308,2
7309,1
7310,1
7311,2
7312,3
7313,4
7314,2
7315,2
7316,0
7317,2
7318,1
7319,3
7320,0
7321,1
7322,2
7323,2
7324,1
7325,3
7326,0
7327,0
7328,2
7329,0
7330,3
7331,1
7332,1
7333,1
7334,2
7335,2
7336,2
7337,3
7338,3
7339,3
7340,3
7341,2
7342,2
7343,0
7344,2
7345,2
7346,2
7347,0
7348,0
7349,0
7350,3
7351,0
7352,2
7353,1
7354,6
7355,0
7356,3
7357,2
7358,2
7359,3
7360,2
7361,2
7362,2
7363,5
7364,1
7365,2
7366,0
7367,2
7368,2
7369,2
7370,4
7371,2
7372,1
7373,4
7374,2
7375,3
7376,4
7377,2
7378,2
7379,2
7380,0
7381,2
7382,1
7383,1
7384,0
7385,0
7386,1
7387,4
7388,3
7389,1
7390,1
7391,3
7392,2
7393,0
7394,0
7395,3
7396,1
7397,0
7398,3
7399,5
7400,5
7401,4
7402,3
7403,0
7404,2
7405,0
7406,2
7407,6
7408,2
7409,2
7410,2
7411,1
7412,1
7413,2
7414,2
7415,1
7416,3
7417,1
7418,3
7419,2
7420,3
7421,3
7422,4
7423,1
7424,1
7425,0
7426,0
7427,1
7428,0
7429,5
7430,2
7431,0
7432,1
7433,3
7434,0
7435,1
7436,1
7437,3
7438,6
7439,2
7440,2
7441,4
7442,1
7443,2
7444,0
7445,2
7446,1
7447,4
7448,2
7449,5
7450,4
7451,0
7452,3
7453,1
7454,1
7455,2
7456,2
7457,1
7458,2
7459,2
7460,1
7461,2
7462,0
7463,3
7464,2
7465,1
7466,2
7467,3
7468,2
7469,1
7470,1
7471,0
7472,2
7473,3
7474,2
7475,1
7476,3
7477,1
7478,2
7479,1
7480,5
7481,1
7482,1
7483,0
7484,2
7485,0
7486,1
7487,2
7488,1
7489,1
7490,2
7491,3
7492,2
7493,2
7494,1
7495,1
7496,0
7497,1
7498,3
7499,2
7500,3
7501,0
7502,2
7503,2
7504,2
7505,1
7506,0
7507,1
7508,1
7509,4
7510,1
7511,1
7512,3
7513,4
7514,2
7515,4
7516,1
7517,2
7518,5
7519,3
7520,3
7521,3
7522,3
7523,5
7524,1
7525,2
7526,1
7527,2
7528,1
7529,1
7530,3
7531,2
7532,4
7533,2
7534,4
7535,0
7536,2
7537,0
7538,4
7539,2
7540,2
7541,3
7542,4
7543,0
7544,3
7545,2
7546,2
7547,3
7548,4
7549,0
7550,2
7551,3
7552,3
7553,1
7554,1
7555,1
7556,1
7557,1
7558,1
7559,3
7560,3
7561,3
7562,1
7563,0
7564,1
7565,1
7566,5
7567,2
7568,0
7569,1
7570,2
7571,2
7572,1
7573,1
7574,2
7575,1
7576,2
7577,3
7578,2
7579,5
7580,2
7581,3
7582,1
7583,3
7584,2
7585,2
7586,0
7587,2
7588,1
7589,0
7590,1
7591,1
7592,4
7593,3
7594,3
7595,3
7596,2
7597,2
7598,5
7599,1
7600,3
7601,2
7602,0
7603,0
7604,0
7605,2
7606,2
7607,0
7608,2
7609,2
7610,3
7611,1
7612,1
7613,1
7614,1
7615,1
7616,1
7617,3
7618,3
7619,2
7620,0
7621,2
7622,1
7623,2
7624,2
7625,3
7626,42
7627,41
7628,33
7629,45
7630,39
7631,28
7632,37
7633,37
7634,48
7635,29
7636,41
7637,47
7638,39
7639,35
7640,28
7641,39
7642,32
7643,34
7644,46
7645,41
7646,49
7647,51
7648,43
7649,37
7650,39
7651,38
7652,46
7653,36
7654,41
7655,33
7656,35
7657,41
7658,46
7659,24
7660,42
7661,39
7662,38
7663,42
7664,44
7665,46
7666,42
7667,45
7668,46
7669,40
7670,37
7671,43
7672,36
7673,36
7674,24
7675,39
7676,41
7677,56
7678,42
7679,30
7680,34
7681,45
7682,37
7683,45
7684,36
7685,33
7686,34
7687,46
7688,46
7689,43
7690,39
7691,42
7692,35
7693,28
7694,42
7695,53
7696,49
7697,38
7698,35
7699,36
7700,32
7701,37
7702,39
7703,42
7704,50
7705,33
7706,47
7707,39
7708,46
7709,54
7710,42
7711,33
7712,31
7713,36
7714,32
7715,41
7716,42
7717,39
7718,39
7719,40
7720,37
7721,43
7722,38
7723,38
7724,33
7725,45
7726,34
7727,33
7728,41
7729,36
7730,33
7731,41
7732,34
7733,44
7734,35
7735,43
7736,35
7737,32
7738,54
7739,33
7740,32
7741,39
7742,25
7743,38
7744,47
7745,36
7746,41
7747,40
7748,26
7749,39
7750,38
7751,45
7752,38
7753,44
7754,36
7755,40
7756,43
7757,46
7758,39
7759,28
7760,41
7761,37
7762,41
7763,29
7764,56
7765,43
7766,34
7767,41
7768,36
7769,47
7770,39
7771,41
7772,43
7773,49
7774,36
7775,40
7776,37
7777,42
7778,45
7779,45
7780,25
7781,44
7782,39
7783,38
7784,45
7785,47
7786,40
7787,42
7788,44
7789,36
7790,42
7791,33
7792,37
7793,39
7794,32
7795,49
7796,48
7797,52
7798,45
7799,35
7800,39
7801,37
7802,32
7803,41
7804,31
7805,26
7806,33
7807,33
7808,46
7809,45
7810,31
7811,49
7812,43
7813,40
7814,38
7815,32
7816,45
7817,49
7818,38
7819,42
7820,36
7821,47
7822,42
7823,34
7824,30
7825,36
7826,40
7827,53
7828,39
7829,27
7830,42
7831,34
7832,39
7833,39
7834,39
7835,51
7836,33
7837,33
7838,33
7839,31
7840,42
7841,32
7842,39
7843,45
7844,41
7845,49
7846,39
7847,39
7848,29
7849,36
7850,36
7851,43
7852,42
7853,24
7854,44
7855,42
7856,49
7857,49
7858,40
7859,34
7860,33
7861,46
7862,41
7863,43
7864,45
7865,44
7866,38
7867,35
7868,36
7869,38
7870,47
7871,35
7872,38
7873,39
7874,39
7875,46
7876,36
7877,47
7878,47
7879,36
7880,47
7881,27
7882,47
7883,36
7884,47
7885,47
7886,41
7887,46
7888,40
7889,38
7890,33
7891,42
7892,48
7893,40
7894,39
7895,41
7896,46
7897,38
7898,40
7899,34
7900,40
7901,35
7902,51
7903,46
7904,46
7905,40
7906,36
7907,40
7908,37
7909,38
7910,51
7911,40
7912,23
7913,27
7914,37
7915,56
7916,44
7917,27
7918,42
7919,38
7920,42
7921,45
7922,43
7923,35
7924,46
7925,37
7926,39
7927,42
7928,43
7929,44
7930,32
7931,46
7932,36
7933,37
7934,42
7935,36
7936,38
7937,41
7938,38
7939,38
7940,44
7941,44
7942,30
7943,40
7944,38
7945,31
7946,35
7947,43
7948,47
7949,39
7950,47
7951,36
7952,44
7953,38
7954,45
7955,38
7956,46
7957,40
7958,33
7959,38
7960,41
7961,53
7962,36
7963,41
7964,43
7965,40
7966,34
7967,38
7968,48
7969,31
7970,44
7971,44
7972,45
7973,35
7974,39
7975,37
7976,41
7977,32
7978,45
7979,50
7980,52
7981,40
7982,39
7983,34
7984,41
7985,44
7986,31
7987,30
7988,34
7989,43
7990,41
7991,35
7992,48
7993,40
7994,39
7995,33
7996,52
7997,31
7998,41
7999,43
8000,47
8001,53
8002,30
8003,44
8004,35
8005,40
8006,29
8007,45
8008,43
8009,26
8010,36
8011,40
8012,37
8013,31
8014,32
8015,45
8016,38
8017,49
8018,31
8019,40
8020,40
8021,40
8022,40
8023,35
8024,46
8025,36
8026,50
8027,37
8028,31
8029,44
8030,51
8031,29
8032,45
8033,51
8034,37
8035,35
8036,32
8037,49
8038,46
8039,45
8040,44
8041,43
8042,37
8043,43
8044,52
8045,47
8046,46
8047,38
8048,38
8049,38
8050,39
8051,48
8052,40
8053,39
8054,36
8055,39
8056,24
8057,48
8058,45
8059,39
8060,36
8061,47
8062,17
8063,39
8064,36
8065,40
8066,48
8067,41
8068,23
8069,41
8070,30
8071,41
8072,32
8073,44
8074,36
8075,33
8076,29
8077,38
8078,35
8079,50
8080,47
8081,43
8082,33
8083,48
8084,44
8085,47
8086,44
8087,29
8088,45
8089,48
8090,35
8091,29
8092,42
8093,46
8094,28
8095,34
8096,36
8097,45
8098,38
8099,24
8100,37
8101,30
8102,35
8103,36
8104,41
8105,45
8106,49
8107,48
8108,42
8109,38
8110,27
8111,40
8112,42
8113,38
8114,36
8115,37
8116,52
8117,41
8118,43
8119,46
8120,33
8121,37
8122,41
8123,45
8124,53
8125,47
8126,36
8127,38
8128,35
8129,40
8130,37
8131,41
8132,40
8133,54
8134,43
8135,43
8136,55
8137,33
8138,33
8139,42
8140,29
8141,50
8142,40
8143,48
8144,29
8145,36
8146,50
8147,37
8148,41
8149,53
8150,51
8151,42
8152,30
8153,49
8154,39
8155,41
8156,40
8157,44
8158,57
8159,43
8160,40
8161,42
8162,37
8163,39
8164,44
8165,36
8166,27
8167,48
8168,35
8169,58
8170,53
8171,36
8172,39
8173,39
8174,36
8175,45
8176,43
8177,33
8178,34
8179,54
8180,48
8181,42
8182,42
8183,46
8184,41
8185,47
8186,40
8187,44
8188,33
8189,40
8190,43
8191,42
8192,30
8193,44
8194,35
8195,37
8196,41
8197,41
8198,40
8199,33
8200,36
8201,39
8202,45
8203,39
8204,40
8205,41
8206,54
8207,42
8208,38
8209,34
8210,38
8211,44
8212,30
8213,47
8214,43
8215,39
8216,38
8217,36
8218,34
8219,48
8220,35
8221,36
8222,45
8223,38
8224,30
8225,43
8226,47
8227,32
8228,37
8229,33
8230,42
8231,44
8232,47
8233,52
8234,37
8235,40
8236,36
8237,38
8238,51
8239,39
8240,40
8241,44
8242,42
8243,38
8244,46
8245,40
8246,35
8247,38
8248,43
8249,39
8250,39
8251,34
8252,45
8253,47
8254,47
8255,35
8256,39
8257,48
8258,37
8259,46
8260,50
8261,30
8262,43
8263,39
8264,38
8265,38
8266,51
8267,41
8268,35
8269,38
8270,43
8271,41
8272,36
8273,36
8274,39
8275,28
8276,39
8277,37
8278,40
8279,42
8280,44
8281,40
8282,32
8283,37
8284,40
8285,34
8286,36
8287,28
8288,42
8289,40
8290,35
8291,35
8292,37
8293,58
8294,44
8295,52
8296,48
8297,51
8298,31
8299,42
8300,53
8301,42
8302,34
8303,33
8304,36
8305,42
8306,30
8307,42
8308,42
8309,35
8310,35
8311,41
8312,47
8313,35
8314,34
8315,49
8316,42
8317,45
8318,44
8319,46
8320,52
8321,28
8322,37
8323,41
8324,45
8325,37
8326,50
8327,42
8328,51
8329,44
8330,51
8331,43
8332,41
8333,40
8334,36
8335,40
8336,44
8337,47
8338,34
8339,49
8340,32
8341,34
8342,52
8343,43
8344,35
8345,36
8346,43
8347,48
8348,47
8349,47
8350,42
8351,33
8352,36
8353,32
8354,31
8355,42
8356,48
8357,30
8358,44
8359,50
8360,43
8361,33
8362,43
8363,46
8364,41
8365,41
8366,41
8367,48
8368,52
8369,52
8370,44
8371,38
8372,48
8373,49
8374,39
8375,36
8376,40
8377,38
8378,43
8379,47
8380,33
8381,40
8382,25
8383,42
8384,41
8385,33
8386,47
8387,40
8388,30
8389,38
8390,33
8391,45
8392,39
8393,39
8394,56
8395,39
8396,49
8397,30
8398,34
8399,36
8400,41
8401,35
8402,29
8403,41
8404,36
8405,34
8406,49
8407,29
8408,32
8409,49
8410,39
8411,25
8412,37
8413,39
8414,43
8415,37
8416,51
8417,44
8418,37
8419,45
8420,36
8421,39
8422,32
8423,46
8424,32
8425,34
8426,47
8427,36
8428,35
8429,36
8430,39
8431,35
8432,33
8433,32
8434,35
8435,34
8436,30
8437,47
8438,52
8439,47
8440,45
8441,45
8442,51
8443,38
8444,38
8445,49
8446,43
8447,40
8448,37
8449,50
8450,35
8451,54
8452,36
8453,41
8454,36
8455,46
8456,37
8457,50
8458,29
8459,39
8460,54
8461,35
8462,38
8463,44
8464,40
8465,41
8466,43
8467,34
8468,41
8469,44
8470,49
8471,44
8472,42
8473,32
8474,39
8475,36
8476,40
8477,52
8478,26
8479,41
8480,38
8481,37
8482,33
8483,47
8484,47
8485,38
8486,41
8487,47
8488,36
8489,25
8490,53
8491,34
8492,36
8493,51
8494,39
8495,46
8496,27
8497,30
8498,36
8499,43
8500,39
8501,33
8502,41
8503,46
8504,39
8505,41
8506,42
8507,39
8508,44
8509,42
8510,29
8511,37
8512,49
8513,38
8514,42
8515,54
8516,45
8517,30
8518,43
8519,45
8520,40
8521,37
8522,44
8523,43
8524,42
8525,27
8526,37
8527,41
8528,32
8529,31
8530,38
8531,49
8532,29
8533,44
8534,49
8535,40
8536,22
8537,48
8538,38
8539,38
8540,41
8541,42
8542,36
8543,36
8544,32
8545,35
8546,34
8547,38
8548,40
8549,30
8550,39
8551,34
8552,34
8553,46
8554,33
8555,36
8556,41
8557,41
8558,45
8559,45
8560,34
8561,45
8562,51
8563,46
8564,42
8565,45
8566,39
8567,35
8568,37
8569,40
8570,44
8571,37
8572,43
8573,47
8574,38
8575,28
8576,45
8577,39
8578,32
8579,40
8580,42
8581,29
8582,44
8583,33
8584,46
8585,38
8586,2
8587,0
8588,0
8589,2
8590,2
8591,0
8592,2
8593,4
8594,3
8595,1
8596,4
8597,2
8598,1
8599,2
8600,0
8601,1
8602,3
8603,1
8604,4
8605,1
8606,3
8607,2
8608,2
8609,0
8610,3
8611,0
8612,3
8613,1
8614,4
8615,0
8616,3
8617,1
8618,1
8619,1
8620,2
8621,2
8622,3
8623,1
8624,0
8625,1
8626,1
8627,1
8628,1
8629,2
8630,2
8631,3
8632,3
8633,2
8634,2
8635,2
8636,1
8637,3
8638,2
8639,1
8640,5
8641,0
8642,3
8643,3
8644,3
8645,1
8646,4
8647,1
8648,2
8649,2
8650,2
8651,1
8652,2
8653,2
8654,1
8655,2
8656,3
8657,0
8658,4
8659,3
8660,2
8661,2
8662,3
8663,0
8664,2
8665,4
8666,3
8667,5
8668,1
8669,1
8670,4
8671,1
8672,5
8673,1
8674,1
8675,3
8676,2
8677,1
8678,1
8679,3
8680,1
8681,6
8682,2
8683,4
8684,1
8685,0
8686,2
8687,3
8688,0
8689,2
8690,3
8691,4
8692,0
8693,1
8694,1
8695,4
8696,2
8697,1
8698,2
8699,3
8700,3
8701,2
8702,1
8703,2
8704,0
8705,4
8706,1
8707,2
8708,0
8709,1
8710,0
8711,3
8712,1
8713,2
8714,4
8715,0
8716,4
8717,1
8718,2
8719,1
8720,2
8721,1
8722,3
8723,2
8724,3
8725,2
8726,3
8727,3
8728,2
8729,1
8730,2
8731,1
8732,2
8733,2
8734,6
8735,2
8736,3
8737,3
8738,1
8739,1
8740,0
8741,0
8742,5
8743,0
8744,1
8745,0
8746,0
8747,1
8748,1
8749,1
8750,1
8751,2
8752,3
8753,1
8754,2
8755,2
8756,2
8757,0
8758,2
8759,2
8760,2
8761,2
8762,6
8763,1
8764,3
8765,3
8766,1
8767,1
8768,5
8769,2
8770,1
8771,4
8772,4
8773,6
8774,4
8775,2
8776,3
8777,4
8778,5
8779,2
8780,1
8781,2
8782,2
8783,1
8784,1
8785,1
8786,1
8787,3
8788,1
8789,2
8790,1
8791,1
8792,2
8793,3
8794,2
8795,2
8796,2
8797,1
8798,1
8799,2
8800,3
8801,1
8802,2
8803,2
8804,1
8805,2
8806,1
8807,1
8808,3
8809,0
8810,1
8811,0
8812,2
8813,1
8814,0
8815,4
8816,0
8817,7
8818,4
8819,1
8820,1
8821,4
8822,1
8823,0
8824,2
8825,3
8826,1
8827,2
8828,2
8829,1
8830,5
8831,1
8832,4
8833,1
8834,2
8835,2
8836,2
8837,1
8838,1
8839,3
8840,1
8841,1
8842,2
8843,4
8844,2
8845,5
8846,2
8847,0
8848,0
8849,0
8850,2
8851,3
8852,1
8853,1
8854,5
8855,1
8856,3
8857,2
8858,1
8859,3
8860,1
8861,3
8862,2
8863,2
8864,3
8865,2
8866,4
8867,2
8868,4
8869,3
8870,1
8871,2
8872,5
8873,2
8874,0
8875,3
8876,3
8877,2
8878,4
8879,2
8880,0
8881,0
8882,2
8883,2
8884,3
8885,2
8886,2
8887,0
8888,3
8889,4
8890,1
8891,5
8892,4
8893,0
8894,1
8895,2
8896,2
8897,3
8898,3
8899,2
8900,1
8901,2
8902,2
8903,3
8904,5
8905,2
8906,0
8907,0
8908,2
8909,0
8910,4
8911,2
8912,4
8913,2
8914,3
8915,1
8916,0
8917,1
8918,3
8919,0
8920,0
8921,2
8922,3
8923,3
8924,2
8925,3
8926,4
8927,2
8928,1
8929,2
8930,1
8931,5
8932,5
8933,1
8934,0
8935,2
8936,1
8937,4
8938,3
8939,2
8940,3
8941,4
8942,2
8943,2
8944,4
8945,2
8946,1
8947,0
8948,0
8949,1
8950,4
8951,0
8952,2
8953,2
8954,2
8955,0
8956,0
8957,2
8958,3
8959,2
8960,2
8961,0
8962,4
8963,1
8964,3
8965,3
8966,0
8967,5
8968,2
8969,1
8970,0
8971,3
8972,2
8973,2
8974,0
8975,1
8976,2
8977,0
8978,2
8979,0
8980,1
8981,2
8982,4
8983,1
8984,1
8985,2
8986,2
8987,4
8988,1
8989,1
8990,3
8991,1
8992,1
8993,3
8994,3
8995,3
8996,7
8997,1
8998,0
8999,5
9000,3
9001,3
9002,3
9003,4
9004,3
9005,5
9006,1
9007,2
9008,3
9009,3
9010,2
9011,3
9012,1
9013,2
9014,3
9015,2
9016,3
9017,3
9018,2
9019,2
9020,4
9021,5
9022,3
9023,2
9024,0
9025,4
9026,3
9027,2
9028,5
9029,3
9030,3
9031,4
9032,3
9033,2
9034,2
9035,4
9036,3
9037,0
9038,0
9039,1
9040,4
9041,3
9042,2
9043,4
9044,1
9045,1
9046,0
9047,1
9048,1
9049,2
9050,46
9051,39
9052,55
9053,42
9054,44
9055,44
9056,43
9057,46
9058,37
9059,46
9060,46
9061,53
9062,34
9063,45
9064,42
9065,30
9066,30
9067,40
9068,40
9069,24
9070,36
9071,41
9072,38
9073,38
9074,47
9075,47
9076,49
9077,34
9078,58
9079,39
9080,40
9081,38
9082,35
9083,45
9084,38
9085,44
9086,40
9087,43
9088,47
9089,40
9090,43
9091,50
9092,40
9093,39
9094,38
9095,39
9096,36
9097,36
9098,49
9099,44
9100,43
9101,31
9102,35
9103,42
9104,35
9105,38
9106,48
9107,44
9108,34
9109,41
9110,46
9111,24
9112,40
9113,41
9114,40
9115,51
9116,36
9117,46
9118,40
9119,47
9120,29
9121,47
9122,42
9123,44
9124,38
9125,37
9126,34
9127,32
9128,38
9129,33
9130,51
9131,50
9132,37
9133,34
9134,38
9135,45
9136,46
9137,42
9138,36
9139,32
9140,33
9141,43
9142,42
9143,41
9144,39
9145,38
9146,38
9147,31
9148,47
9149,36
9150,41
9151,36
9152,34
9153,35
9154,40
9155,39
9156,43
9157,47
9158,36
9159,36
9160,31
9161,46
9162,45
9163,43
9164,36
9165,40
9166,43
9167,40
9168,38
9169,40
9170,37
9171,37
9172,47
9173,37
9174,38
9175,49
9176,43
9177,31
9178,47
9179,41
9180,34
9181,33
9182,40
9183,37
9184,39
9185,50
9186,38
9187,45
9188,38
9189,45
9190,30
9191,44
9192,45
9193,42
9194,42
9195,42
9196,47
9197,37
9198,44
9199,40
9200,43
9201,36
9202,33
9203,51
9204,50
9205,40
9206,43
9207,37
9208,35
9209,50
9210,49
9211,46
9212,41
9213,43
9214,43
9215,41
9216,42
9217,47
9218,47
9219,32
9220,42
9221,38
9222,42
9223,38
9224,40
9225,41
9226,26
9227,38
9228,42
9229,61
9230,41
9231,41
9232,39
9233,36
9234,40
9235,43
9236,51
9237,36
9238,41
9239,46
9240,37
9241,26
9242,38
9243,46
9244,38
9245,38
9246,42
9247,34
9248,45
9249,43
9250,38
9251,40
9252,47
9253,39
9254,49
9255,39
9256,41
9257,45
9258,36
9259,48
9260,40
9261,46
9262,30
9263,43
9264,33
9265,42
9266,36
9267,58
9268,46
9269,35
9270,34
9271,44
9272,36
9273,37
9274,43
9275,43
9276,55
9277,46
9278,41
9279,40
9280,36
9281,43
9282,30
9283,44
9284,38
9285,41
9286,31
9287,46
9288,45
9289,38
9290,35
9291,38
9292,38
9293,37
9294,42
9295,42
9296,55
9297,34
9298,39
9299,41
9300,33
9301,46
9302,52
9303,54
9304,32
9305,45
9306,33
9307,34
9308,43
9309,44
9310,37
9311,46
9312,36
9313,46
9314,41
9315,34
9316,49
9317,43
9318,37
9319,39
9320,38
9321,41
9322,35
9323,45
9324,36
9325,45
9326,37
9327,42
9328,41
9329,41
9330,48
9331,49
9332,41
9333,36
9334,40
9335,36
9336,42
9337,41
9338,35
9339,41
9340,39
9341,48
9342,38
9343,42
9344,37
9345,40
9346,38
9347,44
9348,49
9349,41
9350,45
9351,37
9352,36
9353,32
9354,41
9355,47
9356,36
9357,25
9358,40
9359,35
9360,42
9361,32
9362,46
9363,49
9364,40
9365,56
9366,40
9367,40
9368,49
9369,30
9370,49
9371,37
9372,32
9373,59
9374,39
9375,41
9376,44
9377,37
9378,39
9379,34
9380,40
9381,49
9382,40
9383,38
9384,30
9385,41
9386,46
9387,49
9388,28
9389,41
9390,35
9391,42
9392,52
9393,37
9394,39
9395,37
9396,45
9397,38
9398,41
9399,29
9400,33
9401,38
9402,41
9403,51
9404,42
9405,37
9406,38
9407,41
9408,29
9409,44
9410,42
9411,45
9412,37
9413,32
9414,48
9415,46
9416,42
9417,38
9418,32
9419,36
9420,46
9421,52
9422,50
9423,44
9424,41
9425,40
9426,34
9427,34
9428,44
9429,44
9430,42
9431,36
9432,40
9433,37
9434,40
9435,39
9436,51
9437,39
9438,40
9439,37
9440,39
9441,46
9442,32
9443,39
9444,43
9445,34
9446,40
9447,40
9448,31
9449,33
9450,36
9451,37
9452,31
9453,31
9454,42
9455,38
9456,37
9457,34
9458,30
9459,41
9460,35
9461,41
9462,38
9463,35
9464,45
9465,32
9466,41
9467,40
9468,36
9469,41
9470,34
9471,49
9472,24
9473,46
9474,33
9475,53
9476,41
9477,37
9478,32
9479,40
9480,40
9481,35
9482,39
9483,36
9484,36
9485,41
9486,36
9487,49
9488,37
9489,44
9490,44
9491,48
9492,48
9493,28
9494,53
9495,43
9496,41
9497,49
9498,48
9499,24
9500,42
9501,31
9502,38
9503,37
9504,35
9505,39
9506,37
9507,50
9508,53
9509,44
9510,32
9511,32
9512,28
9513,36
9514,29
9515,45
9516,39
9517,42
9518,39
9519,43
9520,50
9521,43
9522,49
9523,39
9524,48
9525,44
9526,37
9527,40
9528,38
9529,33
9530,45
9531,46
9532,45
9533,37
9534,32
9535,51
9536,54
9537,40
9538,41
9539,50
9540,38
9541,27
9542,37
9543,33
9544,41
9545,37
9546,30
9547,41
9548,46
9549,38
9550,38
9551,37
9552,28
9553,45
9554,35
9555,22
9556,34
9557,32
9558,46
9559,36
9560,20
9561,41
9562,35
9563,34
9564,31
9565,37
9566,32
9567,40
9568,43
9569,35
9570,40
9571,35
9572,35
9573,28
9574,40
9575,55
9576,44
9577,37
9578,49
9579,39
9580,34
9581,35
9582,47
9583,32
9584,39
9585,39
9586,39
9587,37
9588,39
9589,42
9590,33
9591,53
9592,44
9593,39
9594,29
9595,34
9596,40
9597,35
9598,36
9599,42
9600,31
9601,34
9602,49
9603,46
9604,44
9605,51
9606,44
9607,55
9608,45
9609,45
9610,40
9611,45
9612,42
9613,43
9614,46
9615,39
9616,43
9617,38
9618,46
9619,45
9620,35
9621,54
9622,44
9623,42
9624,40
9625,47
9626,43
9627,46
9628,34
9629,40
9630,37
9631,37
9632,33
9633,33
9634,32
9635,44
9636,42
9637,26
9638,45
9639,47
9640,43
9641,42
9642,40
9643,29
9644,32
9645,48
9646,37
9647,48
9648,45
9649,49
9650,35
9651,36
9652,36
9653,44
9654,43
9655,45
9656,40
9657,37
9658,50
9659,59
9660,36
9661,38
9662,37
9663,38
9664,39
9665,36
9666,43
9667,39
9668,40
9669,42
9670,33
9671,34
9672,33
9673,38
9674,44
9675,43
9676,40
9677,33
9678,40
9679,48
9680,44
9681,32
9682,40
9683,48
9684,44
9685,36
9686,41
9687,40
9688,45
9689,41
9690,61
9691,40
9692,29
9693,36
9694,40
9695,44
9696,33
9697,25
9698,32
9699,45
9700,45
9701,41
9702,47
9703,38
9704,42
9705,36
9706,42
9707,31
9708,38
9709,38
9710,34
9711,33
9712,44
9713,38
9714,50
9715,45
9716,37
9717,47
9718,38
9719,47
9720,38
9721,37
9722,35
9723,41
9724,31
9725,37
9726,32
9727,41
9728,42
9729,38
9730,31
9731,44
9732,49
9733,39
9734,36
9735,32
9736,40
9737,48
9738,32
9739,41
9740,33
9741,28
9742,30
9743,35
9744,53
9745,34
9746,34
9747,37
9748,45
9749,32
9750,40
9751,38
9752,37
9753,34
9754,48
9755,34
9756,33
9757,49
9758,47
9759,42
9760,47
9761,40
9762,31
9763,46
9764,40
9765,31
9766,33
9767,42
9768,30
9769,31
9770,32
9771,40
9772,38
9773,43
9774,40
9775,38
9776,33
9777,49
9778,31
9779,39
9780,45
9781,34
9782,46
9783,32
9784,31
9785,43
9786,35
9787,37
9788,48
9789,55
9790,39
9791,45
9792,36
9793,31
9794,45
9795,49
9796,44
9797,44
9798,51
9799,37
9800,43
9801,42
9802,50
9803,35
9804,40
9805,48
9806,50
9807,42
9808,38
9809,48
9810,43
9811,35
9812,40
9813,49
9814,42
9815,50
9816,42
9817,35
9818,43
9819,44
9820,50
9821,50
9822,46
9823,48
9824,43
9825,37
9826,34
9827,52
9828,52
9829,32
9830,36
9831,29
9832,39
9833,36
9834,32
9835,40
9836,38
9837,39
9838,41
9839,39
9840,28
9841,30
9842,37
9843,34
9844,34
9845,48
9846,43
9847,42
9848,42
9849,48
9850,46
9851,47
9852,47
9853,42
9854,38
9855,46
9856,48
9857,45
9858,51
9859,39
9860,37
9861,34
9862,30
9863,41
9864,37
9865,39
9866,46
9867,35
9868,42
9869,40
9870,49
9871,29
9872,36
9873,44
9874,40
9875,42
9876,43
9877,42
9878,33
9879,32
9880,40
9881,40
9882,37
9883,41
9884,40
9885,45
9886,43
9887,37
9888,39
9889,41
9890,38
9891,37
9892,36
9893,34
9894,47
9895,46
9896,32
9897,33
9898,37
9899,37
9900,39
9901,38
9902,45
9903,27
9904,44
9905,34
9906,38
9907,38
9908,34
9909,45
9910,30
9911,46
9912,40
9913,51
9914,38
9915,44
9916,48
9917,50
9918,41
9919,40
9920,42
9921,45
9922,30
9923,47
9924,38
9925,40
9926,31
9927,41
9928,33
9929,29
9930,33
9931,39
9932,46
9933,30
9934,49
9935,52
9936,38
9937,51
9938,39
9939,51
9940,39
9941,41
9942,32
9943,37
9944,41
9945,39
9946,41
9947,45
9948,36
9949,37
9950,43
9951,36
9952,40
9953,33
9954,45
9955,33
9956,47
9957,30
9958,37
9959,44
9960,46
9961,42
9962,35
9963,44
9964,39
9965,46
9966,44
9967,33
9968,21
9969,34
9970,45
9971,47
9972,44
9973,51
9974,43
9975,36
9976,47
9977,41
9978,28
9979,35
9980,47
9981,45
9982,32
9983,30
9984,42
9985,34
9986,39
9987,36
9988,53
9989,43
9990,29
9991,46
9992,48
9993,52
9994,27
9995,24
9996,43
9997,38
9998,37
9999,35
10000,31
10001,29
10002,50
10003,26
10004,39
10005,38
10006,41
10007,43
10008,61
10009,39
10010,2
10011,2
10012,1
10013,1
10014,2
10015,3
10016,2
10017,2
10018,2
10019,1
10020,2
10021,1
10022,3
10023,1
10024,2
10025,1
10026,1
10027,1
10028,3
10029,0
10030,3
10031,2
10032,2
10033,1
10034,3
10035,0
10036,1
10037,3
10038,1
10039,2
10040,2
10041,0
10042,3
10043,2
10044,6
10045,3
10046,3
10047,1
10048,2
10049,3
10050,1
10051,1
10052,1
10053,2
10054,1
10055,3
10056,1
10057,1
10058,5
10059,2
10060,2
10061,2
10062,2
10063,3
10064,2
10065,4
10066,2
10067,3
10068,5
10069,1
10070,1
10071,0
10072,2
10073,1
10074,4
10075,1
10076,1
10077,1
10078,1
10079,1
