x1,x2,x3,x4,x5
0.11207322915202873,1.077752539524742,0.06312691661699685,-0.056387832914683675,0.12701294497413282
0.101305389166946,0.15235360216646887,-0.47285258430652966,0.33884749771733774,-0.0019143680625637056
1.244944805177054,1.4134313906459934,-0.4939754111038458,0.6876937601371168,0.9050170514314063
-0.5494127296213197,-0.6461675513155666,-0.573846802574542,-0.3800174663831901,0.08663815053102347
1.7054991419934682,2.069973987302313,-1.7414781993043014,0.5624290471258153,2.3506598868630038
-0.1929630742302797,0.41668505991040083,-0.14361972709228676,0.5021553635988082,0.006846695590072359
-0.70667081480974,-0.7121167773795862,-0.6613118178421658,-1.0199630832150328,0.07433829349039928
0.9622778428436036,0.6243109240815241,-1.4821897809572646,1.2802775091413356,0.6925044973204131
1.252372153810788,1.123507465724751,-0.5275936675705302,0.8615237907905566,2.096848148237901
-1.2161011932575991,-0.5250822836753241,0.07141880641097365,0.26711412040989857,-1.1444117009546932
0.893092071193713,1.5580903093682732,-1.1348190643576457,0.7971633930561882,0.911656967206074
0.3384901335057153,0.15331677530475976,-0.636246018908977,-1.0525719558806526,-0.12841773372699772
-0.1308902854196109,-0.6050707642395043,0.3173761145728762,0.7142023783206847,-0.5218843775287325
0.027752726225957862,0.31641549036157585,0.5067894452180197,0.9793399212450468,0.19854679303402972
0.9152249817010832,0.8130768224332913,-0.7792790055382842,-0.01225125945876956,1.2485223755196695
0.18310099560299842,0.23978679578140968,-0.6170141359945939,0.4727153508156627,0.3082674362287804
-0.5234325927480015,0.6105838942814146,1.4968883021083568,-1.4821181165632695,-0.1492695102283046
0.5085876573156962,0.7111595698224336,0.32632841469243473,0.2142859365027137,0.3921382133324508
0.5645433159924651,1.023456879692113,1.355967458164885,-0.3353542428699729,0.7587572169136427
-1.9342548532941388,-1.6337227269597356,0.0810583921125505,-0.2625365122721013,-4.36291601249353
1.1283865522187067,0.8220196197994665,-1.3426379221634819,-0.963297046633846,1.2259412614413239
0.16938736326250162,0.4851200215292677,-0.48552532952234584,-1.2408333563403118,-0.09139246818550295
0.10069931794232202,-0.29670841211161403,-0.567676866503212,1.3218660933389321,-0.16038138064740978
1.9974762466663947,1.2775466883297264,-2.5828935347661615,-0.8194077935380297,4.115257354752779
1.012664582028657,1.1371108947811468,-1.8423809778695937,-0.4051691989522366,0.9228250229257624
0.5962864538364812,1.0487629034826706,-1.9727516601257142,0.3791186966343047,0.20381595764583477
1.7693494369867173,1.9948230488953058,-2.6527194064267245,-1.1954779401181947,2.5349643825337904
0.6079041198979483,0.5785387550238205,-0.5633573727318986,0.41717173224989057,0.4912107452613431
1.2930223688475229,1.3050174349219614,-0.8677464185165887,0.8651628504155974,2.074944790692995
-1.9527233216090736,-1.6214335089832448,1.7340631103888715,0.1464970898240209,-4.17436628036263
1.9588807309621594,1.5883630843781538,-0.6392271018481775,0.966512261590544,3.8280701024955732
0.7524157689271092,1.1681818445341206,-0.15051740943490372,-0.3907680705075905,0.8075826114741089
-0.4594196588560182,-0.4271967506839722,1.1893776877391466,0.695333569447072,0.11025828460204026
-1.1535504890490798,-0.4768545125913817,0.3924723601738841,1.9669736031378735,-1.4233072403551499
0.2600623261924762,0.3926744582860653,-0.615443379155434,1.5851582867262168,-0.27791439795429435
-0.41598321109472997,-0.9523029002124525,1.053665827313613,0.614412820269996,-0.5567895266326378
-0.39143163957062693,-0.5201066141003285,0.7975721854175749,-1.0527680673284199,-0.21781277769174617
-0.41908801586468464,0.3666611668294333,0.40555687909253535,-0.775702892338651,-0.5311580517413296
-0.20301107917555605,-0.709504211230288,0.19580192058105594,1.708491182920325,-0.29182089272532574
-1.2950902326795175,-1.0061817578765984,0.8937351115932819,0.12248391486352149,-1.6606386548046732
-0.4582513466937432,-0.6361764805139432,0.46610109252575527,2.2591739873384986,-0.017282267861949363
0.64853518204117,0.03318813753251526,-1.6611465815030078,0.5292389319428858,0.5721269765267176
1.8225738418268738,1.491918908311836,-1.3097616032058077,1.02767419359263,3.445418198165365
-1.716936558167611,-1.1755619961998611,0.35054426472905786,-1.5747219702985247,-2.712119135846207
0.815320653328299,1.1851193624881309,0.9358046264867301,-0.8362459247440608,1.2824028437655035
1.59944877666914,1.7146147621836663,0.02653432382351173,-0.21777137919614106,1.7810680890400534
0.20875499570405862,-0.3042588826811472,0.9652639257974265,-0.13639037284753427,-0.2077311613098373
-0.19746309517076785,-0.22608539074953113,0.18767384453468738,-1.4936129999055694,0.11666798114178922
0.29239699458981566,0.7708632374911755,-1.1550122169871164,0.14014112624076347,-0.07698977260013305
1.4061527109526437,1.4121440139307595,-1.3915908889025186,0.5237447633762813,2.24126224476407
-1.4197419788747803,-1.1213955517743963,0.4871757854126275,-0.38839461659730445,-1.678544359230621
-1.1337539425182863,-0.45055012308331555,0.404857192182446,-1.4168548760424358,-1.182803545871986
0.822629047262919,0.32093415567683586,-0.9901694923889393,2.434905352313332,0.7068613081013652
1.4479898080025366,1.5611687074597098,-1.4192213735057138,1.4104428386601948,2.3924885756300127
1.6828209863724892,2.0957473572300946,-0.5996042297393179,-0.5268204005360922,2.8768509538050564
1.0858508929741606,1.2658900983769956,-1.9575239102829456,-0.022744877850389474,0.8846369598416477
0.44145092557791327,-0.033289666437968324,-0.12525944929200256,0.35664482684153564,-0.3585003245076421
2.082865781270261,1.1444043869790845,-0.9484773483282167,-0.44307905053069835,4.837324125352113
-1.4782802163162765,-1.3751594048506395,1.5010029227596071,-0.548574913020082,-2.133829308993289
-1.0823559563093286,-0.9860904178551615,-0.4645097015489489,1.276911831774846,-1.0410827734167827
-1.2074220059026188,-1.3954876616206202,0.4557281717762152,-1.7661100544250847,-1.7715581633031958
0.7919034098991629,0.2796212133802848,-0.15845380238061307,-2.257610902874388,0.6484933978927042
1.1625477209213924,0.9174731954861529,-1.3021475839615932,1.4239922653057149,1.1645086560038103
-1.8522423416032205,-1.4881609931550743,1.4357182359484135,-1.4668619228627928,-3.69663981326862
0.39543172510551267,0.8822959124540586,0.0011688235459796636,0.7311819020144437,0.4152885581888893
-0.7611204632936888,-0.78750072481924,-1.9264948122934071,0.978172911711163,-0.555301171365525
-0.4541435079687814,-0.5339056899286607,0.0006554131129699603,0.863501650268005,-0.20311018131266856
-1.675159897807368,-1.8103497658106782,0.4980415948193233,-1.0384571392428807,-2.5679089643277475
0.14171801643910373,-0.30905943031815486,-0.00086464427851074,-0.6359690495694988,0.23849531470539564
0.9794681056699078,0.7220229005842449,0.5140386623493877,1.3081086507271529,0.8424063099929797
