hour,noise 1,noise 2,noise 3,noise 4,noise 5,noise 6,noise 7,noise 8,noise 9,noise 10,noise 11,noise 12
0,34.31833561872442,44.76696422878439,34.95505433295568,30.44304847667348,35.937214285859056,31.87324114008213,28.816654957039788,64.99887088817482,35.32512349228666,72.59987753705308,77.15936951993848,46.20623790623784
1,38.82333421264924,74.63932022735928,57.88305081595735,29.623562385909942,28.57374711101702,84.51300480450891,39.210979709319794,29.45077580399308,39.96885677979437,35.14173996421552,45.56852999141077,56.52332425424413
2,55.26971326663762,84.48217701920649,75.64467872262237,26.072098788878332,19.72619609463126,20.823821825518174,66.49392643209714,48.399604814115406,49.29781983370777,60.50949816035998,72.60404142394032,80.90471772414872
3,21.42345717106826,28.8433930211838,76.68244906807413,42.84687523699316,42.14832980017181,15.466358921696969,0,40.023418021972354,42.68294630866277,48.592491969617,26.289996648956524,42.56854304494576
4,12.845400215361469,26.875035357587407,23.18401674284549,35.479920002174175,21.469936797300964,24.511297310427505,53.472344083460314,64.92013157356172,34.000912272257935,35.92202781073419,35.782230541969824,8.638344776610289
5,30.405089164385636,62.990769517917684,41.41724942231843,48.12959100877265,47.59870393041715,7.393267936345822,40.80406451849763,37.22250006791353,89.12410524926881,34.74722948175162,43.427235647684654,17.80429391279186
6,27.339508196935725,26.422159968175553,21.25537136663146,56.48472857784131,23.57897391344251,50.10209824912423,65.1207245247577,35.493007371289615,88.61636872665032,67.09202994756097,13.925722146415765,30.51594669276096
7,26.282781598801854,67.69663765022102,50.233875614494735,55.72198123693007,57.24949173763024,19.936486683326166,41.02679846306819,49.88890440237091,31.895033388532255,53.60606957315744,34.74402110999439,34.73372005437591
8,28.695996111989132,32.4792294443646,31.681142700542082,40.020026631439485,47.457804278838225,52.15608463492317,63.75273618088164,23.282745703270905,19.55106042607718,45.62413291119559,58.527293509208285,37.710656675015116
9,53.45969140281412,41.62694178726574,45.117873070663286,15.897500733929814,24.514224351817184,16.072020423402993,56.07225177089258,41.688576535454416,55.82781316966194,49.11265662456341,59.22630906784373,18.805997398370394
10,34.66817271384752,41.62383804903858,45.75602419899633,48.96481886030152,15.571907104584096,40.70522542288607,35.37301595653566,62.34404772709927,26.037613188175765,36.757961382686844,51.89158373437497,46.03605851941039
11,41.537555064201555,31.510065656779243,57.485279822790446,42.65775449860918,6.793145596843928,39.635873076692235,39.92677985231838,30.248555281580998,45.3423994750673,63.69867889409809,47.49528743071394,43.85923247661076
12,77.37458392158183,29.766625780814586,34.93934339485326,42.69075072603859,46.91318515213701,55.79422887515929,15.166249783288325,39.425625757559814,33.513309227882566,43.434454539735896,35.716661276054474,0
13,41.692145647091635,57.410668752846355,18.036743645320207,42.89742619286937,49.3828367649635,39.15614231178424,57.956044408397176,28.87440439899659,41.57606150766363,54.79157605251906,69.56584172079482,49.35420574039428
14,43.85067636038904,76.66335464563679,52.92123165105981,23.090234594963885,38.44069043423372,31.667728239699347,30.44581581904337,4.5192525329392765,42.14588460181363,51.581490928254695,53.836213496086344,73.76871065920932
15,50.76776700671156,46.03469364830881,26.136418151910696,62.71567711138551,58.05082009698367,42.28081022556879,46.34525919783981,48.452269346216525,29.616322025425266,35.70873454097346,51.76039820404314,46.5968714144526
16,60.414342261526144,47.917184710803234,44.42771731140284,35.65576387557249,34.300437551398105,49.43142910355866,10.7347378075578,57.40677267144869,41.01481618856618,48.71422193909157,11.172621486572037,25.614528133569188
17,28.143524820344254,42.36431137351999,55.1355969390348,38.35836209429617,26.135644058089024,49.5488449562076,31.78402760479557,7.874463989147657,32.978698858382984,75.74785651982057,29.531204186795186,36.76146410199118
18,21.470580163228906,33.21872167524481,19.52046382340563,36.19343344808883,44.46128876210416,9.478859880499172,37.3023241231848,14.623057032218615,47.11220795822834,48.97140442425987,14.010818134318143,13.048372920361395
19,58.59062447244063,2.1992397274346303,11.884663086664368,45.64422987080176,62.06644070069276,29.47264791703992,26.017505719661166,58.29497157175834,59.60399325256439,49.16798165320299,67.79038145709987,48.827661651219486
20,45.1008199968885,65.67668680373178,55.385887587528686,25.547895248376733,33.704820212883234,36.798112424244835,48.52244126995146,31.36268350278769,33.85325396156852,94.05809868109944,41.60424191537275,61.708107985570926
21,59.89245925170934,57.55311985759123,30.874326591675548,0,31.694822392042802,29.06061067576588,24.95172053979743,43.120555560098424,57.06163849209933,20.402157363596945,43.5933907780149,28.137324330963626
22,39.468637089067066,50.201864599162406,50.36804954179814,10.890107077616626,55.38147351829352,79.83438069335915,17.134116877940652,51.98443759903251,51.620147769115,11.129804651922143,51.616570773243645,69.12236926671503
23,48.804400301251206,69.49589185220563,39.491409010220856,45.06871344729663,39.699995472562804,0,60.6786971316171,74.181998698565,64.8712819538241,47.878178512521565,15.862272181560236,39.1416250311976
24,30.97523596172691,48.50044586373728,58.65277522512098,43.91544396339334,27.646421928488834,55.87182477796035,28.7004714660169,11.82762923301076,11.658471291238463,47.73942069662314,83.67755111242448,43.59104433857948
25,66.6323951365369,27.411497136403895,45.983255850267184,9.730149087343346,28.48314827985618,55.34106554926148,35.30041725024925,34.279292631768364,67.8907025974445,16.741839366342845,43.65221711036297,82.9076109861305
26,50.64339655118313,23.779407178058396,25.137598504958078,22.997106985665877,54.766773757010725,18.509635394004615,34.17700792253814,12.337376032138284,42.5582255284629,16.62218123969534,37.46792156321838,16.676731754114783
27,38.82269301793476,89.04462013403747,75.50224829630906,50.483735954789694,26.889717746339066,48.89527278794425,48.55442040995718,45.148286677040424,7.309712406440589,48.69305769690743,38.71877830995452,53.21485291804717
28,52.40218964711069,66.24996953474673,62.70470297774813,30.198884976165115,7.774908112733755,60.467898069780844,17.598633930541688,51.146484864884016,74.95158783820847,42.27494701420631,45.58552072129041,39.82454602159018
29,54.477668810657576,60.93303614393034,85.91674506327095,17.584700052257137,38.34098925477929,41.679060027801604,49.93230411646921,90.97306269140299,32.76013675899314,31.739781595267793,67.49153917366515,35.62898080895809
30,29.772367036144942,26.595645005559838,76.4827752300254,25.912373650539184,47.352306493690605,31.322935206691184,75.34798494706688,26.050834154449518,33.81067307844027,0,29.19214532932799,7.005865614058955
31,36.51444662041856,40.02336075162459,43.49266263025591,32.42464319597066,23.05662551753286,24.064549428147508,42.91306711017086,52.46648101176771,66.85765456636156,60.540807231836695,25.680832872252495,60.029249944390514
32,33.394399436228326,71.56964377996039,45.09755206337787,22.61931423181721,68.58510570205357,28.24967085978726,53.25334360000309,17.85717520869846,66.14465105169745,21.7261707583903,34.968453620032506,50.7298205773566
33,0,44.986958133962865,23.718338075505088,37.336911578624864,51.430871266776315,52.95271894773806,40.597257849649274,66.26375487066747,0,26.970116477409608,32.00124258469869,60.496961981435746
34,43.99123590282719,44.17207879320357,56.24213775854869,46.585361546735086,62.27994217531435,40.33752612130338,22.877375479038207,42.00723647786008,40.725088386510855,40.95608688474324,50.95933165622966,16.91470895906068
35,42.6489697613826,46.834373428028364,10.408707105998065,58.017101670424665,40.021389728303774,72.78091852222786,22.59642702536592,56.79924394484688,21.711937649068677,45.69238114548281,50.92162260838979,52.90537945826575
36,26.167798884499263,70.6401312636914,44.434448224859274,48.11708603862915,30.429958860643445,55.68000647847678,51.30683891862677,30.026687859218328,74.15992785313071,38.64435345021806,35.261824689648115,17.96102252059963
37,46.445964778221125,46.47876695124235,52.933095413437,7.367321733273492,54.08507011049107,26.959361160269985,51.7937640782652,11.601773543766988,50.06442591066539,11.643167275971336,32.657110403417796,56.00616318284308
38,42.35124027388811,38.74788105712402,16.758058368173074,46.21375700608001,74.45942919305023,54.12607933154264,17.14471443871912,32.655507318745975,10.570595578422243,35.942748511121565,72.8420506863103,33.103588530780094
39,40.022852971956574,33.64924261364369,39.94247861694443,43.5193292084169,26.236680195868427,56.21546659594281,48.722295084637096,74.31131465132677,58.46614874006406,23.033748798351823,13.258082601375513,51.159355478587315
40,49.2072567934663,39.569861178576275,46.092309027983525,74.95638494528957,48.83585249189818,37.088224400828295,28.12526900230552,55.89261025973357,21.402078678302786,71.4527316579323,61.65924358955984,51.678938300571296
41,19.562653792826037,42.92103283431863,30.96494787784453,83.78344327347023,33.72380035177013,50.637826120918724,35.66741188132215,41.758134213985706,36.2383977711437,0,43.84613147482614,36.68743484108245
42,61.56132902375458,65.10482303600183,43.743025665760136,27.416337098634457,46.78178734269565,46.2783799863005,33.95958137509854,65.66854800722132,56.64094334348435,56.01191197037332,51.98220549207882,46.053682622171
43,35.902452395918715,47.66912746184951,49.04103990165349,30.043320723202143,13.950701453206271,36.43626046216532,45.98208878787804,37.825600910104654,21.631026608134547,12.736938384103638,6.100691989461232,21.524149805224535
44,47.31229735499237,38.53343331264695,59.89496756151228,36.48977218268008,33.517064653566145,32.24072263583353,94.75468337022295,29.58629947669122,40.64640425324545,12.487424910712662,19.885486333853688,55.538938712401965
45,46.59730413000221,22.35748081300038,43.92432220010572,15.905094082934738,70.67157263376544,61.93330536707515,38.16507694485779,24.17940311389905,35.673204176233824,69.95207543305997,49.95467814493302,61.191561668782825
46,60.18901605223725,10.666353584806984,35.05500878004039,76.30394086802258,14.252408062055409,55.41608778650867,9.844127147581403,63.74903764623345,40.75287803495012,39.51492429663071,63.697698400034994,8.262093033517367
47,42.81931035015396,36.28931371729627,48.81977371007576,32.928207904174286,48.22043979178959,21.145938635572985,28.17371792197152,25.893409772609267,63.52814105777476,17.863609111958358,55.399579403701125,32.791481457174235
48,53.44962601201856,63.86390757910793,60.05462882262649,55.434894316539534,33.07224747200692,35.6599486391836,48.14743178809369,12.34894240878339,26.93522825471276,51.178054787679756,43.19567301954667,24.6391014373069
49,33.6248465155416,39.738821847442686,32.17680916444449,27.395096230962324,27.92552270923789,62.86255930601766,41.18654486899517,17.839851185746245,48.399085818286636,67.21331202889462,28.487952555976932,52.873969950725126
50,26.44229623591056,38.73776263920461,31.612100441815397,43.86669990790263,50.02601985792547,33.92109638176407,69.01975028066884,12.852014541943486,27.118956979321773,17.36537140710518,56.196838284257794,36.02803443740474
51,0,45.76346967182065,35.221811784783675,60.051348609121824,33.39726329574097,53.66886396860432,2.1569544206612505,30.75505170229205,44.11134656842433,38.6498180217658,17.42587638466657,49.276247464249806
52,22.36233546379223,29.464139950050352,38.09747710910169,16.34167029341718,34.85307972527208,47.44660207971905,69.52619630253018,28.27064164635793,54.347556793111735,29.70147049921205,22.594624847387266,43.23076557076328
53,23.63027075412189,10.692243481848095,92.96634469070406,41.87358162756377,45.122043604417144,78.21752963208093,63.05579190042923,44.33651423176172,63.36234472963447,54.76467503418163,38.03895493245847,51.94382862821263
54,46.40011761343873,84.95602839068675,44.03692868654234,51.071340625646364,21.496052181835303,48.00668852672823,56.38484482874249,52.903212221700656,37.53012501817042,50.19727907102672,34.982355276198,44.39846903632665
55,24.463400555189317,43.14724741901633,45.83127633086301,54.45303351511447,79.01275931779305,45.62531156491804,55.62254653584247,37.64941260867347,32.55356000617232,43.90965992757474,14.855205284810452,91.65837528286087
56,63.132082829134745,36.00323137681784,21.147997467491457,30.783366929069707,49.176934789898844,28.907665695944434,25.8693019350036,36.09317078181448,68.06823731434838,4.030084405103203,51.59896238223435,53.58507960781401
57,33.38485851606543,49.07762805836678,1.0329045182082268,52.52504725755128,81.96387209809603,73.60466723918611,48.12830038420036,99.53237525747315,35.28500948185923,48.86846558314353,0,64.96929524972099
58,58.547534538502724,64.68613946172061,47.04473462084438,52.09908237643232,23.92781081115332,52.43754491136934,11.860955507481354,3.789230334702033,107.04769161780611,39.85847239825256,68.6483425261552,30.693665734048587
59,64.61577260827892,7.649981467359396,37.4696299444009,52.10365388760766,20.033229638975705,64.52145284554592,53.59367340381938,1.3877145402967699,14.77039102353407,37.34080599727763,35.25477854795477,65.97949673681921
60,44.604997277098605,16.197894838767787,55.03281024774208,47.29893733239669,39.33957383265881,48.13765884510936,11.455767776613275,18.81695543784597,45.90174243737175,20.355104400462306,51.124783715129084,22.95271834926004
61,54.484049233338055,32.83808540481167,29.69399196632976,41.1364378528922,13.940673740452201,50.627464962888126,56.71935021879484,22.96801251452839,69.7429926996135,28.54617869255876,18.665329875608354,37.50744035756032
62,61.58002253080784,45.1719322708744,37.92738673786931,56.360652785516876,32.097433019056524,23.073553191020423,26.674100149681184,33.28033553048435,0,53.286253366468706,53.13388525182227,60.24347667512872
63,11.244307786466369,63.64801418854111,61.56952776422384,29.92197003910003,26.285358398266975,52.40124208143247,64.90836833647344,22.613972932804838,29.195132752936622,64.27067172837589,61.72586717670113,24.25753503563371
64,49.233941273169044,38.829369184255135,55.36378293866167,23.971072396702578,34.20399309859608,72.51126070213817,12.514022911613303,25.148085668586198,45.336711764437325,51.210261151594494,35.25403926044247,26.218535606485396
65,12.12884235610371,64.28185765705646,18.172336626753314,34.22747295841533,21.306444569887617,33.59032170296465,21.945629340604835,65.68819983531594,32.19817189331618,0,9.779268850111034,40.76132969263506
66,49.02169052174201,52.32567930203827,25.434897677854288,37.12504928221828,51.24108982018096,24.24508649647724,0,74.86864144716586,10.565430023797418,17.529403103665924,29.596698122998138,54.51214614170693
67,54.54776797368193,23.09344176507972,72.59860339482569,37.75991508902286,41.384081691018736,74.31741346647277,59.824336356708855,38.34491805721727,64.08269991524229,20.05407805640223,48.4587029705775,37.7355206862472
68,0,18.541476653068255,32.63559746010717,45.56331857991539,51.59315965243525,56.03591918788171,72.08065098529354,53.52876766154078,12.059264881462145,49.81063625315777,9.07737400949891,39.14186453975814
69,17.407135990500095,48.98870195914178,64.40323454138107,26.91446920059426,29.728073475057343,37.722102410049395,62.13255908386304,66.37644590899619,41.91398860657366,50.16360518386958,21.986642713558346,52.13211012474001
70,70.44584715396923,40.435482031597886,39.25825433210481,41.75265113807444,37.338359348144316,51.1285585317464,48.17676264692749,58.40365279076238,28.1004360389556,45.20123457556937,46.40113438081656,40.87738937575352
71,6.654356173284974,36.46847952221219,26.681110463699355,39.65551750976225,47.16116905537426,8.663076974389785,60.58387494662141,32.63608307581532,15.047025801851571,30.70489292437516,54.07327523990698,49.30588577265013
72,35.613483026946945,37.48675035496189,43.38174419581407,81.45064407130141,20.210410590276947,0.2385903600660555,27.64678713301423,30.812673167487652,75.66964210485729,56.13737935527719,51.500524625982614,32.01767073464744
73,40.78592549833816,82.29276095072527,37.875183998944095,57.89227129055389,19.66753482791608,73.29781603252525,24.33776755021357,43.95732707845794,16.973847499807658,25.47457379301575,78.26899795962807,45.1788653869462
74,41.34623737489711,24.4935165241132,19.772153189622255,38.030384501217696,39.15984389554114,29.0376627867587,13.287883993031528,29.235143577092153,23.653004629007526,86.3893198426531,15.693578504686172,69.61386677345867
75,54.47384744128311,67.57564610572456,16.46063362685291,60.82401618591709,29.84811502392128,66.42282412312835,54.28402876601693,11.327423876040033,57.34355956568621,70.28778383814604,6.375687684688593,31.24657902504005
76,63.02567061661275,24.558435299372757,60.35021103529501,33.959305554445905,31.985128582690628,38.024127339101994,17.11478164252358,35.290698617066994,4.851067840909252,17.549125353994896,0,61.90213584357568
77,27.10495799700114,12.714817255629342,19.898917096554495,25.99577528667398,28.252995441097113,40.52508462250698,39.936544883513406,62.547629096246396,19.863143862127764,38.944376863829255,36.677167309741506,36.391395508931204
78,59.00848295420387,67.98385443496997,35.11659377056751,15.109632976245404,45.85528082980244,12.602601444243302,26.440262490566447,63.621162215908,59.064563294919715,45.430658482713774,33.06856669533082,44.5095112948855
79,54.86229141282683,36.088163987539126,45.33448959469385,33.79589758808771,29.09509349505811,31.016876770707672,68.90787947778963,71.80787270372934,61.301483444995,57.345083046883076,55.14742150186018,37.77540148587947
80,23.31525632017955,36.21418505817168,44.69622634017835,73.58134411721187,46.40824336514613,33.58415601116185,78.44503180176163,37.6130171471238,64.98355574688786,18.743525795993147,55.02433222785554,49.14825700344615
81,20.333972478325546,54.58328246238754,46.686125317059926,42.501102941524174,25.53859246941004,44.02427915540111,27.208045711509676,35.54902535391899,37.46700074438995,68.2001895736051,28.977996339766303,42.10536028739889
82,34.945609648432026,63.6799596753797,44.76162036979483,50.288660483720285,13.465232706395057,53.66671204117935,46.17393039731671,41.56714887878318,33.53410834246982,46.264785308473606,70.12355095013469,54.172789920370214
83,41.46867608277201,49.861184637330986,3.9378486242069357,55.0019637183866,15.762829540173815,40.893217935685215,7.1204494313414415,0,44.720220580243016,24.68917538394058,8.91222962898744,20.507814218970548
84,40.64928160075676,30.10356548112539,45.55032602029158,60.32340496043917,56.14381345082855,46.189458266524326,29.690512590415906,26.50815235571186,50.1648002099253,46.23932912748022,56.623223945286554,41.02227819971717
85,35.93952572772944,15.672697792051405,72.1993554465592,21.783927017768516,41.66741991105824,60.28182298344403,68.57723216542277,33.695064108117954,7.2030752845147745,37.0594200264315,6.079574305658468,43.703478000182336
86,75.94701507000956,53.497285293044015,23.56167110588917,32.29158917215656,47.54741491183018,48.956006962429136,44.545621336110855,67.38900522980569,62.79704292442338,15.023851819833798,54.911648156973975,64.13862066155818
87,85.88557877220549,64.11942006659382,27.626524002297394,73.73419779160035,59.46912650063708,56.69117238486719,38.2711751148243,29.887433695708324,19.925240404496964,40.174695201107546,37.73400987882896,35.63342415815441
88,28.43068981806684,7.372914229442337,27.004649211126093,18.872296254088184,5.849801837413381,43.24095659374127,0,14.093466923593681,59.09346340645942,18.63790944301479,38.820891793618024,29.69086486224562
89,40.05353758568479,59.733064364070756,29.29321898264388,78.91428586879434,45.59249868418566,82.76738039582254,28.190205855873863,59.04438338454509,63.007646839082895,52.823236739926045,51.735901444372914,40.940173878896104
90,56.57284916899039,28.563172438112765,35.96317017908805,67.83468725650425,13.267877263521761,44.443683404184,44.344179463446544,20.155203815417767,23.45510202657506,39.10943928794915,36.67753458236005,47.109118189795815
91,17.317925940780178,34.9121504372261,31.292118067642374,13.179390548904774,34.31271784700438,15.79599409009808,35.18410344907203,45.74581424527413,46.62488228660023,33.102567679905924,51.14891189275923,41.665707986931935
92,39.03948047996982,51.922222130337055,43.85404898827749,20.515098547129227,4.401087203075491,52.78059295138809,30.45442063023347,37.60635722787557,39.71247660234113,33.2069907850489,66.94890978262492,21.665263582949606
93,24.040577327695985,0.9183887812529932,64.94198338405172,69.89269197655771,25.802707893989293,52.147602841972805,0,71.3200375099093,58.257014506869574,57.94752443782025,32.40274647900512,5.075408586348729
94,72.62050273945465,88.77457204493176,20.00238967173542,9.370906723036214,35.232770212020256,54.42366965142208,46.727615312009206,46.938406252113374,54.70907964658328,7.100042058153726,27.541306893970216,42.52814198881398
95,7.725824269029282,62.525123197579276,57.75491641820756,32.026339708688646,30.61598770831837,57.73867998051189,55.45048016820997,43.97322260772524,35.58414112204331,30.49307270125835,46.90290220428239,75.43013869689105
96,34.39749979733733,66.1927599698632,44.71848278475192,18.7276710579001,58.71329120213849,69.76633317445206,50.27678263543934,80.82838707532989,24.057557496215416,20.42537488479528,58.73063373231884,13.31310235981763
97,67.96616651472307,30.29747396337612,29.75739163569227,28.259982246639936,78.76106066820847,69.65564378816217,67.9950011757091,21.014090032570408,66.71768353193477,50.411538368058366,68.09739194291492,39.83317147232678
98,25.570949101813383,33.728631052728346,55.99077181352165,45.16216590095647,56.35523274683064,29.39491453055075,32.19705541018936,25.277404711619845,47.35312507257357,0,32.19016734185461,67.07821563365411
99,28.799576530477864,72.54755566576841,58.565042158088076,0,59.35341438348148,46.78423294174144,49.28626625747954,75.90810914891682,63.0559615780586,36.38516649530989,31.827448302052716,19.890755082633145
100,42.593103685146474,43.45319419934138,23.5499759292559,28.502857326338894,44.843317897817826,8.241559071528343,46.29461473932349,40.39289108516634,6.683225162174168,61.912339565389765,65.08854529732042,24.075590260133854
101,30.69800125543809,16.1464397983284,17.467833206026928,26.159249343708204,9.119693878792937,71.13024505534474,26.648412069874553,53.753533566794495,25.928162735456567,0,46.50235510765823,54.60582048778082
102,62.859268788451416,24.097737567168895,30.67566522962197,46.94013749486003,65.69540961959578,4.938617187974181,56.61299563510201,50.78819485424377,33.39751663323179,23.46570419270777,64.46324594709878,29.59593558603935
103,53.643098543610364,13.155600091388113,32.230633631465196,15.992035291333394,28.867971846763517,10.397367522358344,45.332166199309626,59.21341246425585,56.34147984678896,42.0943842460021,34.87718439708924,33.365076311575876
104,43.070179762317316,4.767263931523267,42.165204593508754,0,60.76403070061134,34.38879459064405,33.37208547008365,34.59096015820238,41.95363568000413,50.25308933947511,16.512825242206812,37.20253923510409
105,47.36517674252483,36.13086760587299,30.52133036246208,68.27263864576851,84.96357483137041,52.86042353318703,48.84095277780173,1.8245249247564104,46.431277396286404,49.38990703057027,20.778281272546646,38.11586973082497
106,38.53578615444767,53.55153226897238,9.172913627671658,31.443334120763723,33.627427017914584,37.41635410443093,61.33517844986579,56.61340664887035,79.08587456164247,52.10115176858433,68.53784726039065,23.791021092826334
107,48.10110110211406,73.76614300492085,67.0231705861409,63.7086628975932,41.05019701301184,0,62.547937482582824,29.914466678190642,50.409831464761496,38.60038040551575,14.152227618551496,38.11559494125424
108,0,69.53676271486708,44.280840141874364,77.77430090847128,0,3.262764165250992,56.41191270804419,71.65391171025937,57.42545426895799,74.66978013221797,13.70796123895769,26.967941626342995
109,46.92871586244925,43.30530038423155,65.29697166243497,63.87605577352062,32.98229889011117,8.308131402757766,35.22798155807085,49.32456028713485,16.646750623146314,51.24281442409102,40.45190354255141,58.027979011214555
110,52.58186352777267,41.76062076551276,57.39504856494895,20.367426968631204,39.82580101549163,14.954483231708554,24.97457586637507,34.38525076171932,42.21942069786389,55.97298786245266,54.106717263610065,5.093941345211498
111,39.6780037998917,46.97133111047468,36.496346947704566,59.947650179821764,52.41555086525364,32.06247699652191,67.24476883641802,40.95355676001833,46.238300009575404,62.02391450095875,37.87836207541573,48.22642980927684
112,21.32578670042422,0,45.76990976398023,37.97629582966126,38.322690155677314,30.20619558963266,47.637012222680674,3.3011391512992887,56.36454795141515,32.329355753469194,57.09360426135108,64.09880246089071
113,33.167401663246494,23.74645015107361,83.07619270114202,71.66967192404329,33.43818159863351,32.838915581759686,0,38.996672391407564,41.53739411729988,14.132821305959926,46.769103943431986,35.74612357664892
114,23.9915738407167,30.567903341060216,26.825706669509266,72.472802313546,49.54176150982961,63.302130478253176,42.39971914790677,80.15315346700905,87.36911518540578,15.717602627963718,70.16836343911027,45.10315383250227
115,29.268923204031516,44.501784321908424,31.177615732900996,30.792039940365903,35.253862666755616,50.45472243440726,49.755303734763515,82.14955540468566,26.395248093403545,21.707788608324528,22.08230906445803,68.68584344620372
116,55.451164198198995,26.87123468619066,27.39574132978013,17.40329880846825,44.61766945972472,77.9433895489195,51.30493236789059,29.655613963260848,62.35644180696167,30.170846360738103,64.00113510045892,76.65746211417257
117,22.957683084673953,54.048556923687336,73.37179092276753,65.08757278564099,49.22113377635466,39.339310200936026,37.35034156616656,60.65799441914831,3.656640981713501,17.69858731551001,61.13930978523132,70.09823504026546
118,46.313929706065686,58.37849378706446,64.33393119088497,62.97688780146147,38.40112594302739,33.23376479867698,45.25844779473961,5.094631755413332,67.07353772281081,44.30099788139459,45.62977712253632,57.99861458471993
119,17.127920110273102,16.65612305721582,31.025494208200676,91.52195194155937,37.888800810919356,72.38227643416866,54.36486066442286,49.98511581370569,4.437860781246911,40.09761319910441,80.91559738017037,7.25713809982566
120,47.184159833978256,26.231864067083517,10.046028082964494,11.833675864418357,22.748559542087005,41.713817121420604,63.14155220369449,41.39450827256372,61.818666069703184,60.75288903988024,20.36944943223736,34.31214750488603
121,6.137941809510508,50.9253651499994,39.674466079345805,24.116664438337487,40.88069333163645,26.460561331385005,0,54.011672436033,20.006079890410177,41.8924998619842,32.16598607394056,56.28419979738925
122,45.23436676220607,43.738831414918906,17.555276695914394,15.476700247882519,61.78961873984363,25.721123769117348,4.049982243264964,55.48203103005384,25.041290235881895,29.791656153406866,50.33705885740283,16.847322829491024
123,21.10211861318343,49.198487514011106,4.949258993710274,34.851036438044815,9.215558901583425,60.64370661314784,12.442267443835451,36.20543673157332,76.559872536965,40.565960588156045,48.29517549493983,81.38575633464193
124,54.57666992422135,0,52.93658794817982,16.49019878273516,27.84839337298326,14.992897637338132,30.221772649437316,19.90587503801327,27.134769829881908,59.14099279658387,38.890295057162334,4.548582921262252
125,34.183355842066284,80.44497243349176,36.60319778327043,49.731469199189554,45.01579658893459,59.40687964151533,12.124440392649358,37.328328303556546,46.35727696336931,44.15091576354093,18.921932437217578,21.800148171964004
126,48.7363434603222,61.16881534976322,24.06298061117045,30.497051451363763,17.329449240998006,22.06978372516379,45.7082312995697,43.989057174699624,36.29296512372181,62.94444338612419,44.41765570287796,45.02682328999833
127,15.992999784492746,57.540838098841505,34.80822209463607,42.65737391687022,44.000448474553146,29.95316588455056,40.04165485252303,52.646233407197556,32.0938611952072,55.696036849934785,61.19426573517957,49.64843456666708
128,27.14732888669642,7.924336827080971,56.590014509701476,6.302012058746364,51.86086464952011,14.18048959440981,20.735028330320915,53.3636726541457,31.691558048496677,43.2998776682696,91.61572699038086,48.16892724721034
129,45.744395233693325,42.810358496622165,74.83013756984268,35.5153990931408,35.4033420727599,34.840434558443256,61.336498812757,20.489476203592222,9.146155733910458,25.20110419319836,21.918373442413834,54.681570591178755
130,26.914755264648992,40.924975561776165,67.69106541968489,59.48455688482394,20.241895173331734,12.180701977781197,20.14121890592519,71.34201151669018,7.883319624947248,58.11266791567928,17.840807637079944,65.85322558580052
131,0,64.59684686345771,14.999762796630133,63.17491652628834,34.27764638186236,62.61365787037048,34.07060914189565,40.805078934153805,23.780704406709997,50.759662999676344,30.515628825001638,86.06207077207767
132,51.02887675479908,56.75452004101888,63.430164104479715,38.28552588113411,30.650768525432607,57.57068351255154,55.79475453662252,44.61045823627296,62.521269609395056,69.07318614821953,55.06881733213129,49.42841989355378
133,48.45362826267303,34.47172402653988,58.18159297521491,61.28279058480183,49.19867941848044,37.80759165289464,45.711784771023716,39.6040258034749,6.332638528196689,28.93149820963106,61.91736141374681,49.781328740155686
134,24.698262103099662,37.98934385072424,66.6521975412232,25.734936159817753,40.01431324931818,40.332938817040265,5.311125878000098,68.10946737932032,47.66151395571288,50.590674884095705,57.57602701947289,14.973647193257491
135,43.77146134783486,17.226126855693373,54.10905950206873,52.877949949903716,64.99901762330987,11.153304921567408,37.9629710597032,32.082166288256175,88.02661792996483,38.895167001659324,23.878012813283547,39.00243603166058
136,32.23344560578729,66.60077270986748,59.04375916731772,32.48299400990215,22.06987360261978,32.34493086253244,40.25877304224076,53.37188611773201,16.637530033323483,81.10635592128608,37.35961696855714,28.966642555332406
137,2.351384720656519,85.18977267004382,47.42211404249119,54.588690630028964,17.84124011605603,55.31754422193377,55.728410644996416,47.15273705444105,60.888368285006635,51.235772726988074,49.02996625425778,58.69679682190373
138,39.10930475853782,51.268406285741534,73.85773927579265,19.915384863090328,28.488288463287446,47.72771821728783,44.59194039857003,46.299472854344884,41.32616046046029,57.795238527993725,38.58828342517725,32.54770326673647
139,17.23064288514786,15.479565926748592,70.1648339135985,0,50.738539614961084,11.816717550993111,15.465733738221694,52.13827750595382,58.45418875072224,58.14085885448977,17.291292935817427,37.54189930145003
140,34.11268009036272,72.08733347197216,0,41.88853481125788,0,33.653807318712666,53.12624886546316,67.25047719079251,35.12597903192458,26.29124576568075,31.047951144499198,31.784591623136826
141,57.872680928198456,44.668756270465025,45.746568872429435,44.477747162838256,28.104327589200008,16.537382935461913,49.12111670694122,61.57547921195282,52.509966318083045,37.26981048030738,57.184405463778205,0
142,59.57426841789527,48.67136470863212,20.187060373699843,44.291804134810086,21.79612323468266,35.75006472520472,49.014278752512524,14.061127096811774,54.207975354191625,55.18643131381928,21.723574011054342,43.992895729817086
143,0,43.397391351252615,53.0974181885996,34.11967389001023,31.250489342136024,14.86655131627596,39.741503395397814,58.186128206586545,19.84947094992142,34.933967003825316,38.71523463729455,25.077408725425663
144,32.95472166067461,49.4905622365551,44.75289766794889,35.09717825326154,63.847955622053625,53.71753409536706,39.474139864539296,59.79454691667347,55.14688892451751,28.11965323378847,23.328261932356014,62.32460315193478
145,55.401259482347996,39.92167504741167,33.218158337453694,41.92307477133059,31.005229529988167,12.848906909507345,3.259313638309152,52.5183145304851,18.540792091374104,38.12920558293883,51.74096833705732,45.68475600768437
146,36.351439427660715,26.882945020498074,0,36.66363053149723,34.99171222673883,31.37385600758602,44.828256797122286,49.02452759143749,37.64645599997858,22.476872025057776,56.082920752012626,62.478992486117384
147,58.73103878604062,44.85642575202501,25.210270392751323,42.04332489058811,8.488276599195089,34.45003260929722,38.0501971352493,49.269606719210145,70.09029310692414,33.53536493809085,76.54230997245011,46.16778151209367
148,36.35109819247053,38.20056781885331,65.18051119225547,46.609298471850124,74.0146230968237,55.73097540226408,72.7085932281939,33.48865366725876,76.02242494935976,31.9665755451918,43.82451598089117,65.91765290804969
149,59.632425396639945,13.10906276730903,37.15990253071184,52.756910125795436,55.70804392898543,22.76792526793741,46.969560260439245,43.37906096351755,0,59.29154399267345,51.444562204617256,28.417685355910162
150,27.17821949393506,61.62419003574746,64.3144442134508,0,66.51975395696036,20.064473728181675,53.07970792852592,40.79202241029932,43.321255082957705,31.245133165584726,42.11445471944731,34.227359689711896
151,29.3146669293877,31.66983470158359,17.733470830467372,99.51128133009368,42.870546379225566,45.976313185911536,34.11377586220216,75.18309801186966,16.49191274268576,11.225237090098993,42.81406634173852,29.599195172410546
152,39.772820408281284,18.604528880398,59.093925162778476,39.71205580224272,61.45386560219755,29.289898903890865,48.27482594212808,23.614403727758898,31.64145762323696,7.287139949447486,79.70817702538514,38.26361038165532
153,54.563815655692665,48.780946306631876,16.930088404037537,51.08454266127323,53.61541400563871,29.905126123113675,41.77128979272263,33.43315852925572,83.46438949943146,48.94746541814514,22.23739267170346,34.9954380545024
154,46.15545768502367,25.257779997466344,11.365120472927213,52.62804552685538,60.25271758220121,60.10819182881347,61.000422902540365,60.380556337038854,38.83146581455689,26.824740140411464,36.837039189338654,39.60652877044591
155,39.68774521498252,41.0620143332223,56.59153315255756,51.00574147013822,62.93357242137002,53.55706608113354,64.73744246560805,9.82526923221415,32.48893107671982,52.05613449690024,22.749587131787298,48.66189440334901
156,43.2366193244441,22.48886813991694,59.7934939099612,35.51864656057002,43.91317784791495,29.869338552320606,55.97752835000617,63.111719300002555,19.085932776352355,31.84567128852275,84.04083617610608,44.65147754048324
157,30.41942827425084,36.90267955091713,18.37805331469447,32.40170332878962,51.560272465378745,56.161772652772825,20.341843384479905,51.810639399857884,73.38231436035488,56.07685212487131,36.76164305222437,89.76084040261986
158,45.22187906610707,4.156224996071465,43.99900652644556,35.24606018024656,31.555746307897905,41.804623112557785,46.30929822065115,11.257388580417288,11.484568962414116,36.507270812569416,32.09903756816885,44.61451430920421
159,22.276572228480962,47.23440021179048,57.70029082962859,52.38537013134098,82.23623734573806,14.857426833092834,76.77594942237164,38.502342522621404,38.21624737828506,58.738060137398165,47.14082445021117,57.6710004445637
160,76.09655557541717,17.345298752081483,46.67643711009048,45.298358320952374,58.10222272710366,72.11079443749225,53.44703773633647,32.08028531658843,45.25018309614775,45.49827519402603,17.945857794681,30.870090356199306
161,45.14664744966991,2.2956371745271724,17.65990859701624,63.416153570259425,88.12639430064723,32.32759841800027,21.502514958232968,75.68819804312969,28.392608378272953,0,21.310316436889362,55.665630463051215
162,56.734863907232324,22.205238395835522,44.99661572936508,29.085482915377145,68.35413255813845,15.96027040183564,22.94194104003773,48.46768975615801,31.73028460707541,46.228869467932164,9.476180527141533,35.02503296983722
163,71.36231526556546,39.78031725900634,39.19778783299292,43.42922852204268,22.55166902657559,42.477794350948805,40.45443659093911,0,40.10908611216517,31.14487326890046,48.5513340895784,18.86392168579835
164,43.602937401660704,34.80887840870861,62.99283921270995,44.65645667504945,0.32262524512799473,42.49585898994407,19.159316099118463,66.2612466098139,25.943334474645294,67.30833978719916,64.13414678303506,0
165,51.31241992443941,39.430637935441005,34.36856828492759,62.88310368168753,13.426028498889313,33.23627171861638,57.44344860345262,67.31152016730323,58.37797665852479,49.82836249798398,47.11416552819615,12.751318555431023
166,53.52428045952007,44.180025383952824,25.13251445147354,40.241579462387804,11.65408887864227,50.92013796810643,22.756237782011333,42.99378409981517,51.45871499140635,63.679578358584465,50.90000925845885,27.574606345738466
167,23.96233956926267,42.57878343282168,68.82666235263768,54.228929997694635,76.54492282464986,65.49283668092332,45.511201059131636,50.22472541664479,4.90850906738757,4.240702255852334,51.51034349296797,34.49461644224485
168,16.96883025033024,0,57.728136309390884,46.95757792725341,8.175738216873768,28.09353126675341,66.47150831208879,23.961102310586583,32.162890310167136,15.032811098967283,41.35780735341344,49.33464042037722
169,41.412754194184984,27.11712253382887,21.85559342522276,49.297644785947355,56.15942907316463,63.879956147741304,0,2.7987378746048535,36.28415240251316,36.161654422962336,55.11454275851132,39.97247182845711
170,77.59202260737081,21.85371017727584,70.62495923845688,26.865929244071705,43.84056640045058,30.531227733952022,46.399321751613236,22.658935852761736,45.50089105161778,54.93670124196135,53.35036147556025,31.687599033010294
171,48.41701190577014,25.11359845569558,69.20722712746978,50.80224392975255,35.62051492570249,43.98896381464581,44.066376039890585,19.324005043582233,20.421064867983652,68.16512112048022,36.88558801808664,41.899553234178214
172,26.61718189198931,19.476306316041267,32.76097903933895,40.95974317546861,50.85540048279617,61.769667330283006,42.51679828883158,7.872758075686242,22.594295254512517,43.98471912256889,38.459013363419004,24.86887671122068
173,83.92850631207864,48.487031572762234,74.6604497874138,43.33100259409337,36.61617457323124,40.38030465552896,34.7546685490103,58.75791518976241,62.33571301754618,33.13369777468739,21.95533521281842,64.16487661761369
174,40.41892497665176,4.336324260901577,61.037049696032724,37.521281681933495,69.69934912908725,45.41378127457892,71.02830770057221,22.511201594509235,45.521233900083416,15.270258435603136,7.427161444257152,5.872503979988444
175,25.403890109611925,78.97376554364084,50.43205036853279,0.296033720907829,13.344903710544518,8.944646863688721,126.70681409132197,37.21613657593501,24.155255200750197,57.52807652936359,26.287749799477634,13.906293517810674
176,31.301430173696325,41.500905862345306,11.855020188288844,0,56.27105126446986,38.07363664314844,68.26383439273488,54.50283424515834,15.25197270468911,8.414526631410475,29.59137174336154,47.96116333728054
177,10.803412359871277,34.823456332596386,37.366696941330346,29.520601636594854,22.473555523707905,70.75332710283156,11.42540668307345,50.53571525550083,58.38612876832801,43.7425979631361,63.55085520332405,53.66135934967026
178,28.156930877804356,52.69627076722796,58.28702407270782,35.706318883399405,63.73559269317347,56.85520282545412,24.18465571102006,40.58388340526483,31.930494265182126,52.19019690785922,38.93335751978632,15.184854849928872
179,58.702128761892205,44.03295505532558,73.10415960238252,54.43190207277041,0,41.93173425801333,9.89271350221572,31.08329764857451,22.2618206651438,53.94818347964694,70.40119255680088,17.926847517436862
180,25.32423367628703,0,61.70941623353887,48.13378364218075,54.14164632390834,58.56742569255347,16.61181866022685,36.66375466693893,40.76315776523212,47.254411431643945,60.487535128894905,60.77116828914089
181,69.85229714317012,42.960691295145935,55.67179278077005,34.95216474722436,15.452166332633027,20.044872360954685,23.352437262126667,44.794583181196025,20.342159771997125,32.44062388840481,39.30507539252934,70.5641910479197
182,47.87021119271104,26.086819700499234,10.697514942309613,39.57980356909795,23.679348327443222,31.78891272857662,26.479552670720025,37.98964018292938,37.35728813448111,29.88792281758461,6.550791369804145,18.299417725653388
183,1.7706922697809873,62.34686339336413,30.33567130731753,8.425491972933639,10.72796723883538,31.78885538579413,21.464865211373684,24.59906572599744,36.39151620897444,21.283262137562296,38.36073482559518,26.359642499951192
184,22.592558131863026,67.11643528784572,44.836777189110066,10.490316433273275,57.18938015221439,60.77170841311447,5.987515152932808,42.51023640236145,21.781368993856145,67.81546449204573,66.16012534838072,63.095789080619824
185,26.543072550108874,48.054429855044184,37.56425546666251,19.08856422955859,55.9085420325239,44.10765924513752,24.00024188839589,52.332556044396796,2.910270328188595,13.070984350769582,26.523861485982483,39.41575857573872
186,71.27140945589663,44.388262544290335,20.985589510626767,41.91208715428075,24.786755621906615,40.506079881865126,29.62507218964317,52.79988892196127,31.79835339001376,23.845038396421895,64.88432649351614,68.90966395230444
187,60.12248870297255,7.31970122450678,32.82544515152757,30.481737599859304,42.4891407432771,0,36.83445724911512,61.70813521483447,0,17.959436740405714,32.90183495466272,31.24988769383973
188,37.04071550906098,65.96675230812005,32.134745781432,50.57979689792001,0,55.45917366621241,44.291946108683945,69.36341716225061,20.944657872721454,9.761644626974842,28.256793781652377,53.04719765324626
189,54.98693111059349,61.36876931893434,71.68937779922999,47.83716555766938,30.25503224071913,62.09785271995467,43.500587367399504,68.90553301616853,19.67229702080578,67.08897350945047,35.25487011280219,7.822460284567242
190,51.90136450934472,49.87093319698896,39.90419300797493,16.571537998412236,82.60530200668585,64.29279577004911,58.80843932191576,73.15732490775181,65.44729282957418,25.972397806181423,21.410355231413888,25.062923513127384
191,54.78013244863277,50.323188798188,25.878367242630716,16.80200698617034,30.587437985185712,63.00032839659926,51.956374166833335,33.53756667170966,26.68926961297616,20.188200608678883,11.60439526233695,19.712319339964143
192,7.5534849463276075,85.3032698972915,60.89465047994179,27.610036852881326,47.75447120314562,41.82129578762525,43.455069626066184,28.352770614294656,28.996750405856353,39.60958530219227,33.96319836666543,30.377452022804952
193,60.92350588754235,51.793262658335564,20.140637793428873,59.23102130811083,53.4296168786461,27.803123329400293,56.891098721710534,24.756095369099917,49.51313304013585,57.853532492323254,49.829897656071395,39.609615429678534
194,53.53210147690055,38.32725939958864,49.64064390575454,40.56949925414533,63.595855842545774,45.420161199971524,36.27294590870582,39.24597649281943,58.49815897560647,7.782027800429994,45.642156319215964,35.701342112195
195,29.457405414409223,46.5406362076287,10.641054991472728,68.32101485556042,34.16386613110583,83.67871386231245,53.96772659577758,58.30172359983047,3.2579381118323028,34.20256578719148,14.220185943297544,25.194337293139412
196,33.88930099822936,17.53421719403991,55.81895340968565,60.794464835453276,66.38351746376479,42.12309640010175,14.11834300302742,52.83505126564652,60.64227162714741,50.09829225403075,26.255241666925187,53.37372116210688
197,41.74612970546693,37.99598148549817,56.081083056321106,37.3756652077786,2.103988463530712,45.18684046113142,47.48499131823143,37.7994630648914,33.50416564145078,68.49488060926976,46.696993134606586,40.38635522529016
198,51.223076494654016,51.327504171701705,54.04384975734949,36.347383761272084,18.652567505360654,78.09188468659397,34.54724830340942,44.2936751014443,40.84482074744857,12.655886039072815,51.628252743162896,32.66153435209561
199,80.67359348345272,45.28788440902875,46.25543653009776,21.286226175366945,50.18352669338915,27.81172239634307,56.9215296716421,45.37533780087145,41.70775461868165,31.944386555376315,29.884497497515774,25.634233979755926
200,28.69037948378838,66.60291317169344,26.374221037830168,43.44866074742669,29.07766507792212,59.331916443126616,9.20383274344729,51.791157274679755,49.018619829587,25.23278048540935,49.71307177550375,62.97328865909979
201,41.40397059466553,28.26968091909337,48.06794834269602,28.037162953081026,23.318505325232024,25.115410001356025,60.01071306205836,31.322747418505465,58.47358607759348,23.281471492553045,101.56152348515107,44.41688205812369
202,46.27543804823121,40.84646171522146,15.71500412663659,14.955136170154258,28.948181360918717,37.52583892016587,22.408646505079574,30.674737223882108,26.980518752817364,34.04103836931465,47.3750250527201,36.33960855261414
203,44.45590257002478,42.21207707119895,31.49747767823796,0,81.2242876072976,3.257314720739245,35.340124739777096,27.12106655381649,31.78354121781547,41.30944845782006,36.562367543082324,24.442205298495814
204,77.54667206666437,65.45713388883942,21.13889018424024,13.12759689878903,31.24918437334714,37.69298677512761,46.64917174841841,66.0538138581926,76.69144778971288,51.59370449401473,46.18988441493509,13.78918752782268
205,12.626653089986089,21.095992596443367,36.351539360239904,28.957949916487628,60.04040029643547,33.317113228500844,50.347875659010256,51.684216258158386,30.82811665092983,23.844671445250764,52.959390331721245,22.91793090364508
206,50.32003781522552,45.25877903947495,74.26140660639325,34.74329872293908,42.754661374259555,11.031893199277874,31.458996993319076,50.6322813448924,0,29.819891595540987,55.56410809400354,24.61299810415271
207,41.70000345512247,29.020704480317143,7.831167986374403,19.757003855621903,22.117820059296033,35.69561423167838,17.88696758413605,61.66800756537548,48.87900830273381,32.870664022260556,0,57.26981430721381
208,41.67868004347797,18.116108013818543,35.40321333935629,63.02112388499051,19.20433550848833,28.073561363395584,10.645414160573875,19.343106721724187,30.5454335633008,48.2591907405111,25.325070453857208,41.64902229593334
209,1.8579171534457188,18.617305458720562,17.228941990606224,26.16493663579468,48.2628216391492,21.02947149121088,36.621768586203515,41.253151048525865,13.371740874019377,57.48328399250874,51.698862162893604,64.62617196131099
210,51.691380638364286,38.31561375783918,31.90880338288761,44.16828313595776,35.4899888823768,50.898607637405355,53.235514164969274,36.562817294777886,60.06982610044216,0,58.38090544360276,57.087012187105614
211,37.47942964460829,31.514702372028484,34.74853297539012,50.71376118006405,24.50810057460089,20.527979462666693,69.15706727964863,70.43853625326615,63.581696045413466,49.64911840257982,67.7858889785706,24.343894867174956
212,55.58957986052761,5.689367037401254,59.65887735318494,29.669759735455628,29.352172274723188,67.21783097401152,74.25419848729456,52.50114934411879,36.8986595767297,58.74384749705828,36.40574709562779,19.136891821633302
213,57.10693782250736,74.28161151587048,91.56197761755735,55.50603771602506,30.324690097836832,28.187267513879767,41.400487405756,44.44233644103114,27.63925521512055,46.466903364946695,46.02347448894008,48.137908326252145
214,37.28547422670583,69.48561592751533,36.05493324248584,52.540097135715136,1.6061797088852572,42.46058342442997,26.201817598704103,34.38560028799867,23.392045605891145,63.273289014943344,46.81567993304054,31.0928793987294
215,35.832932881408105,56.807925884351796,89.36350833672887,59.20513997150629,54.65976976767032,28.053085602271715,38.10702019000771,36.22010621058712,27.09147756268792,25.514433114868176,4.699932856464358,65.87142982337372
216,30.39524177600981,59.04701936869664,34.088942530680804,60.4446690002585,29.526797565602394,10.668892472919158,57.05395680551497,31.688923458966528,42.51548090929736,38.966974153253155,59.254613499024984,0
217,45.46994650208282,25.994192088049978,47.22988936369254,29.020812067070054,26.664170458899548,34.88475314328395,38.80625292092622,7.257285086088267,35.81796441033499,35.18681748746634,54.889875378318,25.744249691853817
218,56.44295783003241,16.331666193962995,33.4303906871513,37.84288703811333,2.426949574386306,61.26734973362915,43.61257546600397,66.48654332558054,33.924439542750484,55.05915426435719,39.30466557084193,61.35423406978934
219,63.29518402788259,30.717584109402544,50.68208655789919,57.69103912783849,55.34746079343596,52.92786113162468,36.57306256232058,8.38870205157573,32.194030790594546,54.41807108844731,40.68777024078792,11.118638861463161
220,47.920128828304335,16.37219636985675,49.24053300043337,36.66961097021242,39.32246829328728,15.403006236928942,6.26361327343853,26.767548469035034,36.25401553224803,49.333874592339924,38.661107866141876,42.525602366685035
221,42.52297117448484,66.8094639984254,66.50849015828365,43.022641412314705,20.019604746653933,34.27504459598916,49.81979927147728,30.90048272475272,75.13093082448182,11.104325616887419,42.36795011050727,32.97528164583922
222,27.4563109856455,53.72926420691523,31.70130399415767,64.86342621817249,23.77389142828888,28.141420431672778,1.4936413586390813,50.08038149458966,21.854229955096308,0,49.652669267293035,65.20242491302372
223,5.60662994492116,47.79887261738954,79.32112877309746,20.400896563782613,41.90816077607027,68.23271412392653,56.22353886649948,0,63.607465734988736,30.047553939050523,88.31737768659997,60.46183677959347
224,88.55265852352356,59.97527727012863,58.30272392152985,19.587990685839536,27.736856443271876,48.57135065054966,71.37376578595513,67.99717507084928,47.57120251554342,59.85533109117338,27.517739399397072,37.65872629665408
225,57.832102869836206,52.84534341095281,63.76700618213137,45.901033486170014,41.04723777227618,43.569254164210655,51.39801123687087,42.82121281414102,22.89501460077945,83.46569458450035,77.2639445729836,61.299110043036954
226,36.20556637961491,43.47070655509391,18.57700614709917,48.59648057810693,21.76943649280235,18.901408749842698,60.28526671493942,36.4122828465308,37.50554993742679,7.73518965684346,44.306117666299514,93.94943710078002
227,61.72093338996237,82.91740454615888,17.405302275985306,28.693422487798543,54.16961850905287,28.33737987550358,57.17692645848697,31.860058994609012,52.2936554416691,46.45415925728271,20.022559990908725,45.171383621773614
228,53.30809287993465,57.19137070222996,34.14874576981616,65.33647923517293,48.811093573229016,33.19138294365391,23.320196326461947,18.513840146687325,18.540235052083403,59.07504945226444,60.113201699772716,24.08195581114834
229,63.52669120599984,71.19572371940068,69.68358156048387,63.85608186614833,49.14797624708227,40.43094366504572,46.21288555468947,32.6142733255928,15.882775943674723,60.4414335308394,17.633579607981673,12.590982602759155
230,57.51843225220837,52.901435100277,42.455643369374506,11.441702129189522,33.44286140442681,25.376412590252684,48.089917900525,51.34042563775483,76.54577372504455,19.899721872172368,36.12459612769633,31.69061219903591
231,0,63.571608976761695,32.896986610367605,30.137744129705105,44.96528251687544,38.58611906706353,43.06524422485932,40.33113195627313,5.809891746658202,63.710454565991974,18.763903764992627,54.58036373370195
232,33.18016827235453,38.75333469873407,24.023938408085222,33.85653572818443,36.704006971984434,38.81614240342898,43.52354541628666,23.056355581703706,0.5685822174778892,59.11358492322128,17.094440412583666,44.31084591535302
233,52.62666257833288,0,25.629532436673834,29.18415502837636,1.0968974826980045,52.35245111539649,64.14045241900268,13.869904135638045,55.71054342904931,47.03932764604682,62.74694619334476,0
234,25.784675876824018,40.387430633531636,12.934005102763159,70.50232928311964,41.42192467764613,47.953991641977424,0.5188329115508381,1.3110331966750195,41.00845353605984,44.721470383848384,1.5321517655825758,46.68429645805179
235,45.54159411522424,29.826501856060133,37.00913459960756,16.94762120301813,34.66745604899793,20.241256100052272,57.51061705710352,37.868486239080866,38.49326732783693,0.6157347634784003,34.60473013361175,56.71969482518301
236,44.05260580681897,23.68326264496307,11.70710805213863,52.60234044138115,50.82969676765426,27.874768180998295,51.82477811622634,21.95757508198723,55.03113963701037,1.3703056814820442,44.041741531951345,43.24454993102506
237,41.476291912262,38.676840187932335,56.006473353234185,45.47513653102862,70.70258437751922,7.825670716874271,17.995991568493675,27.53905236015605,53.766852572263836,41.930709568627705,55.86318209668735,71.27205608133065
238,44.08025638515872,72.42089607311853,66.42859256222002,31.608308321169396,57.657403581787946,76.04725591095234,26.370613700259646,53.56841108643066,12.8750711425367,13.210679713593706,42.4987670916246,64.6476158148893
239,61.047591359531175,37.65571068395931,60.93574136225284,52.79732713806005,25.746879240098536,35.403713051961795,48.566552040904625,57.31965357168578,59.18267607859194,20.712546773966135,52.2670791990158,31.44707447155956
